epoc (ms),timestamp (-0400),elapsed (s),x-axis (deg/s),y-axis (deg/s),z-axis (deg/s)
1540421404780,2018-10-24T18.50.04.780,0.000,-1.524,-2.683,-0.549
1540421404819,2018-10-24T18.50.04.819,0.039,-1.159,-2.439,0.000
1540421404859,2018-10-24T18.50.04.859,0.079,-1.098,-2.256,-0.305
1540421404898,2018-10-24T18.50.04.898,0.118,-0.915,-1.402,-0.366
1540421404938,2018-10-24T18.50.04.938,0.158,-1.159,-2.195,-0.610
1540421404977,2018-10-24T18.50.04.977,0.197,-1.524,-3.354,-0.793
1540421405017,2018-10-24T18.50.05.017,0.237,-1.890,-3.537,-0.854
1540421405056,2018-10-24T18.50.05.056,0.276,-2.317,-3.902,-0.671
1540421405096,2018-10-24T18.50.05.096,0.316,-2.378,-3.293,-0.427
1540421405134,2018-10-24T18.50.05.134,0.354,-2.256,-3.537,-0.061
1540421405174,2018-10-24T18.50.05.174,0.394,-1.707,-2.439,0.183
1540421405213,2018-10-24T18.50.05.213,0.433,-1.220,-2.378,0.366
1540421405253,2018-10-24T18.50.05.253,0.473,-0.610,-1.220,0.427
1540421405292,2018-10-24T18.50.05.292,0.512,-0.427,-1.829,0.610
1540421405332,2018-10-24T18.50.05.332,0.552,-0.183,-0.061,0.366
1540421405371,2018-10-24T18.50.05.371,0.591,-0.244,-1.524,0.366
1540421405411,2018-10-24T18.50.05.411,0.631,-0.122,-0.976,0.122
1540421405450,2018-10-24T18.50.05.450,0.670,0.000,-1.341,0.000
1540421405489,2018-10-24T18.50.05.489,0.709,0.122,-0.061,-0.244
1540421405528,2018-10-24T18.50.05.528,0.748,-0.061,-0.976,-0.366
1540421405568,2018-10-24T18.50.05.568,0.788,-0.122,-1.280,-0.427
1540421405607,2018-10-24T18.50.05.607,0.827,0.122,-0.854,-0.366
1540421405647,2018-10-24T18.50.05.647,0.867,0.549,-0.183,0.000
1540421405686,2018-10-24T18.50.05.686,0.906,1.159,0.122,0.305
1540421405726,2018-10-24T18.50.05.726,0.946,1.524,-0.183,0.488
1540421405765,2018-10-24T18.50.05.765,0.985,1.585,0.244,0.488
1540421405805,2018-10-24T18.50.05.805,1.025,1.707,0.183,0.549
1540421405843,2018-10-24T18.50.05.843,1.063,1.829,0.976,0.427
1540421405883,2018-10-24T18.50.05.883,1.103,1.646,1.524,0.183
1540421405922,2018-10-24T18.50.05.922,1.142,1.341,1.829,-0.122
1540421405962,2018-10-24T18.50.05.962,1.182,1.341,1.280,-0.427
1540421406001,2018-10-24T18.50.06.001,1.221,1.585,0.305,-0.549
1540421406041,2018-10-24T18.50.06.041,1.261,1.585,0.061,-0.427
1540421406080,2018-10-24T18.50.06.080,1.300,2.012,1.890,-0.549
1540421406120,2018-10-24T18.50.06.120,1.340,2.195,0.488,-0.305
1540421406159,2018-10-24T18.50.06.159,1.379,2.744,0.793,0.122
1540421406198,2018-10-24T18.50.06.198,1.418,3.171,0.610,0.671
1540421406237,2018-10-24T18.50.06.237,1.457,3.720,2.012,0.976
1540421406277,2018-10-24T18.50.06.277,1.497,3.537,-0.305,1.585
1540421406316,2018-10-24T18.50.06.316,1.536,3.720,4.024,1.159
1540421406356,2018-10-24T18.50.06.356,1.576,3.354,2.805,0.610
1540421406395,2018-10-24T18.50.06.395,1.615,2.805,0.915,0.305
1540421406435,2018-10-24T18.50.06.435,1.655,1.829,1.524,0.000
1540421406474,2018-10-24T18.50.06.474,1.694,1.463,2.439,-0.061
1540421406514,2018-10-24T18.50.06.514,1.734,1.159,-0.549,0.244
1540421406552,2018-10-24T18.50.06.552,1.772,0.488,-1.280,0.000
1540421406592,2018-10-24T18.50.06.592,1.812,0.061,0.061,-0.366
1540421406631,2018-10-24T18.50.06.631,1.851,-0.122,-0.366,-0.305
1540421406671,2018-10-24T18.50.06.671,1.891,-0.305,-1.098,-0.366
1540421406710,2018-10-24T18.50.06.710,1.930,-0.488,0.183,-0.671
1540421406750,2018-10-24T18.50.06.750,1.970,-0.671,-1.524,-0.488
1540421406789,2018-10-24T18.50.06.789,2.009,-0.244,-0.122,-0.427
1540421406829,2018-10-24T18.50.06.829,2.049,-0.305,-0.854,-0.305
1540421406868,2018-10-24T18.50.06.868,2.088,-0.305,0.061,-0.427
1540421406908,2018-10-24T18.50.06.908,2.128,-0.366,-0.671,-0.305
1540421406946,2018-10-24T18.50.06.946,2.166,-0.305,-1.463,-0.244
1540421406986,2018-10-24T18.50.06.986,2.206,-0.122,-0.427,-0.244
1540421407025,2018-10-24T18.50.07.025,2.245,-0.061,-0.732,0.000
1540421407065,2018-10-24T18.50.07.065,2.285,0.122,-0.549,0.061
1540421407104,2018-10-24T18.50.07.104,2.324,0.000,-0.793,0.183
1540421407144,2018-10-24T18.50.07.144,2.364,0.000,-0.671,0.305
1540421407183,2018-10-24T18.50.07.183,2.403,-0.061,-0.488,0.427
1540421407223,2018-10-24T18.50.07.223,2.443,-0.244,-0.610,0.427
1540421407261,2018-10-24T18.50.07.261,2.481,-0.488,-0.488,0.244
1540421407301,2018-10-24T18.50.07.301,2.521,-0.793,-0.793,0.122
1540421407340,2018-10-24T18.50.07.340,2.560,-0.854,-0.427,0.000
1540421407380,2018-10-24T18.50.07.380,2.600,-0.854,-0.488,0.000
1540421407419,2018-10-24T18.50.07.419,2.639,-0.732,-0.366,0.122
1540421407459,2018-10-24T18.50.07.459,2.679,-0.671,-0.183,0.244
1540421407498,2018-10-24T18.50.07.498,2.718,-0.427,-0.122,0.244
1540421407538,2018-10-24T18.50.07.538,2.758,-0.244,-0.122,0.061
1540421407577,2018-10-24T18.50.07.577,2.797,-0.305,0.671,-0.244
1540421407617,2018-10-24T18.50.07.617,2.837,-0.732,-0.061,-0.549
1540421407655,2018-10-24T18.50.07.655,2.875,-0.976,-0.366,-1.098
1540421407695,2018-10-24T18.50.07.695,2.915,-1.524,-1.098,-1.707
1540421407734,2018-10-24T18.50.07.734,2.954,-2.073,0.671,-2.439
1540421407774,2018-10-24T18.50.07.774,2.994,-2.683,-1.220,-2.439
1540421407813,2018-10-24T18.50.07.813,3.033,-2.744,-1.829,-2.439
1540421407853,2018-10-24T18.50.07.853,3.073,-2.744,-2.012,-2.378
1540421407892,2018-10-24T18.50.07.892,3.112,-2.744,-3.415,-2.073
1540421407932,2018-10-24T18.50.07.932,3.152,-2.500,-3.049,-2.073
1540421407971,2018-10-24T18.50.07.971,3.191,-2.561,-3.354,-2.195
1540421408010,2018-10-24T18.50.08.010,3.230,-2.988,-3.598,-2.317
1540421408049,2018-10-24T18.50.08.049,3.269,-3.354,-2.988,-2.378
1540421408089,2018-10-24T18.50.08.089,3.309,-3.232,-2.500,-2.195
1540421408128,2018-10-24T18.50.08.128,3.348,-2.683,-1.890,-1.768
1540421408168,2018-10-24T18.50.08.168,3.388,-1.890,-0.976,-1.159
1540421408207,2018-10-24T18.50.08.207,3.427,-1.037,-1.463,-0.488
1540421408247,2018-10-24T18.50.08.247,3.467,-0.305,-1.890,0.000
1540421408286,2018-10-24T18.50.08.286,3.506,0.305,-1.341,0.305
1540421408326,2018-10-24T18.50.08.326,3.546,0.732,-1.098,0.488
1540421408364,2018-10-24T18.50.08.364,3.584,0.671,-0.793,0.549
1540421408404,2018-10-24T18.50.08.404,3.624,0.549,-0.671,0.427
1540421408443,2018-10-24T18.50.08.443,3.663,0.305,-0.671,0.244
1540421408483,2018-10-24T18.50.08.483,3.703,0.061,-0.976,0.122
1540421408522,2018-10-24T18.50.08.522,3.742,0.122,-1.280,0.183
1540421408562,2018-10-24T18.50.08.562,3.782,0.305,-0.671,0.244
1540421408601,2018-10-24T18.50.08.601,3.821,0.610,-0.671,0.366
1540421408641,2018-10-24T18.50.08.641,3.861,0.671,-0.793,0.549
1540421408680,2018-10-24T18.50.08.680,3.900,0.671,-0.732,0.732
1540421408719,2018-10-24T18.50.08.719,3.939,0.854,-0.244,0.854
1540421408758,2018-10-24T18.50.08.758,3.978,0.915,-0.610,0.976
1540421408798,2018-10-24T18.50.08.798,4.018,0.671,-0.610,0.915
1540421408837,2018-10-24T18.50.08.837,4.057,0.366,-0.366,0.732
1540421408877,2018-10-24T18.50.08.877,4.097,0.000,-0.915,0.549
1540421408916,2018-10-24T18.50.08.916,4.136,-0.122,-0.244,0.122
1540421408956,2018-10-24T18.50.08.956,4.176,-0.366,-0.305,0.061
1540421408995,2018-10-24T18.50.08.995,4.215,-0.549,0.183,0.000
1540421409035,2018-10-24T18.50.09.035,4.255,-0.488,0.427,0.000
1540421409073,2018-10-24T18.50.09.073,4.293,-0.427,0.061,0.061
1540421409113,2018-10-24T18.50.09.113,4.333,-0.122,0.183,0.061
1540421409152,2018-10-24T18.50.09.152,4.372,-0.122,-0.122,0.183
1540421409192,2018-10-24T18.50.09.192,4.412,0.000,0.915,0.183
1540421409231,2018-10-24T18.50.09.231,4.451,0.244,1.037,0.305
1540421409271,2018-10-24T18.50.09.271,4.491,0.244,0.305,0.366
1540421409310,2018-10-24T18.50.09.310,4.530,0.305,1.037,0.183
1540421409350,2018-10-24T18.50.09.350,4.570,0.183,0.122,0.183
1540421409389,2018-10-24T18.50.09.389,4.609,0.122,0.305,-0.122
1540421409429,2018-10-24T18.50.09.429,4.649,-0.244,-0.244,-0.305
1540421409467,2018-10-24T18.50.09.467,4.687,-0.610,0.610,-0.427
1540421409507,2018-10-24T18.50.09.507,4.727,-0.610,-0.305,-0.366
1540421409546,2018-10-24T18.50.09.546,4.766,-0.122,-0.244,-0.610
1540421409586,2018-10-24T18.50.09.586,4.806,-0.122,-1.098,-1.402
1540421409625,2018-10-24T18.50.09.625,4.845,-1.829,-9.207,-1.707
1540421409665,2018-10-24T18.50.09.665,4.885,-3.049,-7.134,-2.439
1540421409704,2018-10-24T18.50.09.704,4.924,-3.841,-0.122,-2.195
1540421409744,2018-10-24T18.50.09.744,4.964,-3.780,3.293,-1.159
1540421409783,2018-10-24T18.50.09.783,5.003,-2.622,5.061,-0.610
1540421409822,2018-10-24T18.50.09.822,5.042,-1.463,2.805,-0.061
1540421409861,2018-10-24T18.50.09.861,5.081,-1.220,1.524,-0.122
1540421409901,2018-10-24T18.50.09.901,5.121,-1.280,2.134,-0.671
1540421409940,2018-10-24T18.50.09.940,5.160,-1.341,0.305,-0.488
1540421409980,2018-10-24T18.50.09.980,5.200,-0.366,0.854,-0.366
1540421410019,2018-10-24T18.50.10.019,5.239,0.549,-0.671,0.000
1540421410059,2018-10-24T18.50.10.059,5.279,1.402,-1.098,0.305
1540421410098,2018-10-24T18.50.10.098,5.318,2.195,-2.012,0.915
1540421410138,2018-10-24T18.50.10.138,5.358,2.927,-2.622,1.524
1540421410176,2018-10-24T18.50.10.176,5.396,3.415,-1.646,1.890
1540421410216,2018-10-24T18.50.10.216,5.436,3.598,0.610,2.195
1540421410255,2018-10-24T18.50.10.255,5.475,3.659,-0.610,2.378
1540421410295,2018-10-24T18.50.10.295,5.515,3.354,-2.073,2.439
1540421410334,2018-10-24T18.50.10.334,5.554,2.683,-2.805,2.073
1540421410374,2018-10-24T18.50.10.374,5.594,1.951,-2.500,1.402
1540421410413,2018-10-24T18.50.10.413,5.633,0.793,-3.049,0.732
1540421410453,2018-10-24T18.50.10.453,5.673,-0.122,-2.622,-0.427
1540421410492,2018-10-24T18.50.10.492,5.712,-0.915,-5.488,-1.098
1540421410532,2018-10-24T18.50.10.532,5.752,-1.098,-5.488,-1.463
1540421410570,2018-10-24T18.50.10.570,5.790,-1.280,-5.915,-1.524
1540421410610,2018-10-24T18.50.10.610,5.830,-1.159,-6.037,-1.646
1540421410649,2018-10-24T18.50.10.649,5.869,-1.037,-6.037,-1.829
1540421410689,2018-10-24T18.50.10.689,5.909,-1.098,-5.549,-2.012
1540421410728,2018-10-24T18.50.10.728,5.948,-1.159,-5.976,-2.134
1540421410768,2018-10-24T18.50.10.768,5.988,-1.159,-4.939,-2.073
1540421410807,2018-10-24T18.50.10.807,6.027,-1.159,-2.744,-1.951
1540421410847,2018-10-24T18.50.10.847,6.067,-1.220,-3.537,-1.402
1540421410885,2018-10-24T18.50.10.885,6.105,-1.037,-1.890,-0.915
1540421410925,2018-10-24T18.50.10.925,6.145,-0.976,0.244,-0.610
1540421410964,2018-10-24T18.50.10.964,6.184,-0.976,1.951,-0.549
1540421411004,2018-10-24T18.50.11.004,6.224,-1.280,1.890,-0.488
1540421411043,2018-10-24T18.50.11.043,6.263,-1.463,1.463,-0.427
1540421411083,2018-10-24T18.50.11.083,6.303,-1.463,2.622,-0.671
1540421411122,2018-10-24T18.50.11.122,6.342,-1.524,2.378,-0.854
1540421411162,2018-10-24T18.50.11.162,6.382,-1.524,1.402,-1.098
1540421411201,2018-10-24T18.50.11.201,6.421,-1.646,0.976,-1.463
1540421411240,2018-10-24T18.50.11.240,6.460,-2.012,-0.366,-1.402
1540421411279,2018-10-24T18.50.11.279,6.499,-1.951,0.366,-1.220
1540421411319,2018-10-24T18.50.11.319,6.539,-1.707,1.220,-1.280
1540421411358,2018-10-24T18.50.11.358,6.578,-1.463,0.000,-1.098
1540421411398,2018-10-24T18.50.11.398,6.618,-1.037,-0.366,-1.037
1540421411437,2018-10-24T18.50.11.437,6.657,-1.098,-0.732,-1.098
1540421411477,2018-10-24T18.50.11.477,6.697,-1.159,-0.610,-0.915
1540421411516,2018-10-24T18.50.11.516,6.736,-0.793,0.610,-0.793
1540421411556,2018-10-24T18.50.11.556,6.776,-0.915,0.000,-0.671
1540421411594,2018-10-24T18.50.11.594,6.814,-1.220,-0.854,-0.427
1540421411634,2018-10-24T18.50.11.634,6.854,-1.280,0.549,-0.549
1540421411673,2018-10-24T18.50.11.673,6.893,-1.707,-0.061,-0.549
1540421411713,2018-10-24T18.50.11.713,6.933,-1.585,0.061,-0.915
1540421411752,2018-10-24T18.50.11.752,6.972,-1.707,-0.976,-1.220
1540421411792,2018-10-24T18.50.11.792,7.012,-1.768,-2.561,-1.098
1540421411831,2018-10-24T18.50.11.831,7.051,-1.280,-0.305,-1.280
1540421411871,2018-10-24T18.50.11.871,7.091,-1.037,0.915,-0.976
1540421411910,2018-10-24T18.50.11.910,7.130,-0.366,3.110,-0.610
1540421411948,2018-10-24T18.50.11.948,7.168,0.244,2.378,-0.183
1540421411988,2018-10-24T18.50.11.988,7.208,0.671,1.463,0.000
1540421412028,2018-10-24T18.50.12.028,7.248,1.220,2.500,0.183
1540421412067,2018-10-24T18.50.12.067,7.287,1.524,1.951,0.549
1540421412107,2018-10-24T18.50.12.107,7.327,0.915,1.098,0.854
1540421412146,2018-10-24T18.50.12.146,7.366,-0.244,2.134,0.854
1540421412186,2018-10-24T18.50.12.186,7.406,-0.976,1.768,0.610
1540421412225,2018-10-24T18.50.12.225,7.445,-1.280,0.122,0.061
1540421412265,2018-10-24T18.50.12.265,7.485,-0.854,-0.427,-0.427
1540421412303,2018-10-24T18.50.12.303,7.523,-0.305,-3.232,-0.122
1540421412343,2018-10-24T18.50.12.343,7.563,0.732,-0.915,-0.061
1540421412382,2018-10-24T18.50.12.382,7.602,0.793,-1.951,0.488
1540421412422,2018-10-24T18.50.12.422,7.642,1.280,-0.488,0.488
1540421412461,2018-10-24T18.50.12.461,7.681,1.646,-2.805,0.610
1540421412501,2018-10-24T18.50.12.501,7.721,2.012,-2.622,0.488
1540421412540,2018-10-24T18.50.12.540,7.760,1.890,-2.317,0.488
1540421412580,2018-10-24T18.50.12.580,7.800,1.707,-2.866,0.366
1540421412619,2018-10-24T18.50.12.619,7.839,1.585,-3.720,-0.061
1540421412657,2018-10-24T18.50.12.657,7.877,1.585,-8.110,-0.793
1540421412697,2018-10-24T18.50.12.697,7.917,2.012,-17.744,-1.463
1540421412737,2018-10-24T18.50.12.737,7.957,0.488,-24.634,-2.622
1540421412776,2018-10-24T18.50.12.776,7.996,-5.549,-25.061,-4.207
1540421412816,2018-10-24T18.50.12.816,8.036,-14.329,-19.512,-7.012
1540421412855,2018-10-24T18.50.12.855,8.075,-20.000,-14.756,-6.463
1540421412895,2018-10-24T18.50.12.895,8.115,-16.890,-18.963,3.415
1540421412934,2018-10-24T18.50.12.934,8.154,-1.220,16.280,12.866
1540421412974,2018-10-24T18.50.12.974,8.194,19.268,48.415,25.976
1540421413012,2018-10-24T18.50.13.012,8.232,46.341,69.939,42.073
1540421413052,2018-10-24T18.50.13.052,8.272,65.549,71.463,59.207
1540421413091,2018-10-24T18.50.13.091,8.311,72.195,78.110,50.427
1540421413131,2018-10-24T18.50.13.131,8.351,71.585,74.024,19.634
1540421413170,2018-10-24T18.50.13.170,8.390,70.061,123.598,-27.256
1540421413210,2018-10-24T18.50.13.210,8.430,71.402,126.463,-16.341
1540421413249,2018-10-24T18.50.13.249,8.469,41.220,-53.415,-2.683
1540421413289,2018-10-24T18.50.13.289,8.509,-16.524,-181.585,-26.951
1540421413327,2018-10-24T18.50.13.327,8.547,-57.561,-6.707,-55.854
1540421413366,2018-10-24T18.50.13.366,8.586,-80.915,134.329,-90.549
1540421413406,2018-10-24T18.50.13.406,8.626,-100.061,44.573,-95.061
1540421413446,2018-10-24T18.50.13.446,8.666,-101.585,-14.207,-72.805
1540421413485,2018-10-24T18.50.13.485,8.705,-85.000,-20.610,-51.341
1540421413525,2018-10-24T18.50.13.525,8.745,-62.927,-13.537,-33.293
1540421413564,2018-10-24T18.50.13.564,8.784,-33.780,12.805,-21.280
1540421413604,2018-10-24T18.50.13.604,8.824,-1.646,29.451,-8.841
1540421413643,2018-10-24T18.50.13.643,8.863,25.793,69.756,4.451
1540421413683,2018-10-24T18.50.13.683,8.903,51.037,52.195,26.098
1540421413721,2018-10-24T18.50.13.721,8.941,69.146,-36.037,35.244
1540421413761,2018-10-24T18.50.13.761,8.981,53.659,-18.841,19.634
1540421413800,2018-10-24T18.50.13.800,9.020,31.159,32.866,5.122
1540421413840,2018-10-24T18.50.13.840,9.060,19.939,26.890,2.256
1540421413879,2018-10-24T18.50.13.879,9.099,18.780,-0.305,6.524
1540421413919,2018-10-24T18.50.13.919,9.139,17.744,-13.171,9.390
1540421413958,2018-10-24T18.50.13.958,9.178,20.793,-6.829,7.256
1540421413998,2018-10-24T18.50.13.998,9.218,23.841,-27.561,6.585
1540421414036,2018-10-24T18.50.14.036,9.256,30.244,-25.854,6.951
1540421414075,2018-10-24T18.50.14.075,9.295,37.805,-15.305,10.427
1540421414115,2018-10-24T18.50.14.115,9.335,50.427,28.780,16.220
1540421414155,2018-10-24T18.50.14.155,9.375,62.195,34.207,24.634
1540421414194,2018-10-24T18.50.14.194,9.414,71.829,-21.159,38.659
1540421414234,2018-10-24T18.50.14.234,9.454,87.500,-22.927,49.939
1540421414273,2018-10-24T18.50.14.273,9.493,97.988,-39.329,59.451
1540421414313,2018-10-24T18.50.14.313,9.533,121.524,2.805,59.451
1540421414352,2018-10-24T18.50.14.352,9.572,157.073,28.232,69.390
1540421414392,2018-10-24T18.50.14.392,9.612,164.146,57.866,65.793
1540421414430,2018-10-24T18.50.14.430,9.650,106.707,29.207,47.012
1540421414469,2018-10-24T18.50.14.469,9.689,16.524,-70.488,-7.744
1540421414509,2018-10-24T18.50.14.509,9.729,-59.512,111.646,-73.049
1540421414549,2018-10-24T18.50.14.549,9.769,-97.683,246.768,-104.878
1540421414588,2018-10-24T18.50.14.588,9.808,-143.476,17.805,-143.232
1540421414628,2018-10-24T18.50.14.628,9.848,-190.732,-70.305,-152.561
1540421414667,2018-10-24T18.50.14.667,9.887,-217.744,33.841,-150.427
1540421414707,2018-10-24T18.50.14.707,9.927,-229.939,4.634,-146.098
1540421414745,2018-10-24T18.50.14.745,9.965,-197.439,-32.378,-119.939
1540421414784,2018-10-24T18.50.14.784,10.004,-91.037,15.305,-65.305
1540421414824,2018-10-24T18.50.14.824,10.044,37.378,-2.378,14.207
1540421414864,2018-10-24T18.50.14.864,10.084,94.756,-16.280,56.159
1540421414903,2018-10-24T18.50.14.903,10.123,88.841,-61.707,53.537
1540421414943,2018-10-24T18.50.14.943,10.163,77.195,6.037,40.244
1540421414982,2018-10-24T18.50.14.982,10.202,47.927,-0.122,22.622
1540421415022,2018-10-24T18.50.15.022,10.242,27.195,1.098,19.024
1540421415061,2018-10-24T18.50.15.061,10.281,28.841,-19.573,18.598
1540421415099,2018-10-24T18.50.15.099,10.319,45.549,14.390,17.012
1540421415139,2018-10-24T18.50.15.139,10.359,56.280,-5.244,25.671
1540421415178,2018-10-24T18.50.15.178,10.398,69.390,7.073,33.049
1540421415218,2018-10-24T18.50.15.218,10.438,76.463,3.841,37.622
1540421415258,2018-10-24T18.50.15.258,10.478,83.354,8.232,41.463
1540421415297,2018-10-24T18.50.15.297,10.517,98.415,7.439,56.037
1540421415337,2018-10-24T18.50.15.337,10.557,123.598,-3.232,69.878
1540421415376,2018-10-24T18.50.15.376,10.596,156.829,20.366,78.110
1540421415416,2018-10-24T18.50.15.416,10.636,166.341,50.427,74.390
1540421415454,2018-10-24T18.50.15.454,10.674,129.329,87.866,47.439
1540421415493,2018-10-24T18.50.15.493,10.713,53.476,18.049,12.439
1540421415533,2018-10-24T18.50.15.533,10.753,-30.122,-1.524,-72.927
1540421415573,2018-10-24T18.50.15.573,10.793,-103.598,26.402,-127.256
1540421415612,2018-10-24T18.50.15.612,10.832,-140.061,63.720,-142.500
1540421415652,2018-10-24T18.50.15.652,10.872,-157.439,148.354,-174.451
1540421415691,2018-10-24T18.50.15.691,10.911,-170.976,71.829,-194.939
1540421415731,2018-10-24T18.50.15.731,10.951,-192.988,-39.390,-174.512
1540421415770,2018-10-24T18.50.15.770,10.990,-183.171,-33.841,-137.439
1540421415808,2018-10-24T18.50.15.808,11.028,-105.915,40.976,-100.427
1540421415848,2018-10-24T18.50.15.848,11.068,0.366,41.280,-20.366
1540421415887,2018-10-24T18.50.15.887,11.107,75.610,4.939,46.463
1540421415927,2018-10-24T18.50.15.927,11.147,88.171,-111.707,69.390
1540421415967,2018-10-24T18.50.15.967,11.187,87.622,-47.683,76.402
1540421416006,2018-10-24T18.50.16.006,11.226,78.537,5.671,35.000
1540421416046,2018-10-24T18.50.16.046,11.266,37.744,-48.963,29.085
1540421416085,2018-10-24T18.50.16.085,11.305,36.402,15.305,16.159
1540421416125,2018-10-24T18.50.16.125,11.345,39.512,0.732,17.988
1540421416163,2018-10-24T18.50.16.163,11.383,43.293,2.073,21.585
1540421416202,2018-10-24T18.50.16.202,11.422,50.427,36.402,19.451
1540421416242,2018-10-24T18.50.16.242,11.462,55.061,28.902,26.098
1540421416281,2018-10-24T18.50.16.281,11.501,66.463,15.854,35.610
1540421416321,2018-10-24T18.50.16.321,11.541,88.232,29.024,44.878
1540421416361,2018-10-24T18.50.16.361,11.581,114.939,32.561,54.146
1540421416400,2018-10-24T18.50.16.400,11.620,148.415,65.000,53.476
1540421416440,2018-10-24T18.50.16.440,11.660,179.939,119.756,53.902
1540421416479,2018-10-24T18.50.16.479,11.699,155.732,134.268,51.951
1540421416517,2018-10-24T18.50.16.517,11.737,82.195,12.988,3.110
1540421416557,2018-10-24T18.50.16.557,11.777,-11.768,-44.634,-95.610
1540421416596,2018-10-24T18.50.16.596,11.816,-78.049,112.012,-194.695
1540421416636,2018-10-24T18.50.16.636,11.856,-109.756,139.573,-220.000
1540421416676,2018-10-24T18.50.16.676,11.896,-153.110,74.268,-225.732
1540421416715,2018-10-24T18.50.16.715,11.935,-187.744,105.061,-227.439
1540421416755,2018-10-24T18.50.16.755,11.975,-202.988,83.171,-207.561
1540421416794,2018-10-24T18.50.16.794,12.014,-197.256,39.695,-170.244
1540421416834,2018-10-24T18.50.16.834,12.054,-148.293,70.915,-117.866
1540421416872,2018-10-24T18.50.16.872,12.092,-44.451,69.634,-47.256
1540421416911,2018-10-24T18.50.16.911,12.131,53.537,42.073,25.854
1540421416951,2018-10-24T18.50.16.951,12.171,99.329,108.902,57.439
1540421416990,2018-10-24T18.50.16.990,12.210,48.598,-114.024,52.988
1540421417030,2018-10-24T18.50.17.030,12.250,100.183,-17.805,88.171
1540421417070,2018-10-24T18.50.17.070,12.290,68.293,-29.573,39.573
1540421417109,2018-10-24T18.50.17.109,12.329,26.341,-7.805,31.951
1540421417149,2018-10-24T18.50.17.149,12.369,11.463,-6.037,25.061
1540421417188,2018-10-24T18.50.17.188,12.408,15.000,-43.354,23.293
1540421417226,2018-10-24T18.50.17.226,12.446,34.878,31.768,22.622
1540421417266,2018-10-24T18.50.17.266,12.486,49.390,-10.610,32.439
1540421417305,2018-10-24T18.50.17.305,12.525,59.939,6.890,31.341
1540421417345,2018-10-24T18.50.17.345,12.565,65.427,3.902,34.329
1540421417385,2018-10-24T18.50.17.385,12.605,87.012,1.951,40.061
1540421417424,2018-10-24T18.50.17.424,12.644,120.915,45.427,39.573
1540421417464,2018-10-24T18.50.17.464,12.684,169.939,79.085,33.720
1540421417503,2018-10-24T18.50.17.503,12.723,225.000,181.951,6.951
1540421417543,2018-10-24T18.50.17.543,12.763,181.280,309.085,-31.402
1540421417581,2018-10-24T18.50.17.581,12.801,93.598,192.866,-72.378
1540421417620,2018-10-24T18.50.17.620,12.840,9.207,-45.427,-185.427
1540421417660,2018-10-24T18.50.17.660,12.880,-68.110,70.488,-245.000
1540421417699,2018-10-24T18.50.17.699,12.919,-114.085,177.683,-243.354
1540421417739,2018-10-24T18.50.17.739,12.959,-169.085,65.366,-223.049
1540421417779,2018-10-24T18.50.17.779,12.999,-219.512,31.951,-201.463
1540421417818,2018-10-24T18.50.17.818,13.038,-235.183,87.195,-178.415
1540421417858,2018-10-24T18.50.17.858,13.078,-210.427,63.049,-141.951
1540421417896,2018-10-24T18.50.17.896,13.116,-113.049,156.707,-87.744
1540421417935,2018-10-24T18.50.17.935,13.155,31.585,170.244,-9.207
1540421417975,2018-10-24T18.50.17.975,13.195,101.890,83.171,69.878
1540421418014,2018-10-24T18.50.18.014,13.234,87.195,-72.500,101.829
1540421418054,2018-10-24T18.50.18.054,13.274,84.817,3.415,46.890
1540421418094,2018-10-24T18.50.18.094,13.314,39.329,79.451,22.500
1540421418133,2018-10-24T18.50.18.133,13.353,7.134,18.171,33.537
1540421418173,2018-10-24T18.50.18.173,13.393,8.598,-111.707,38.293
1540421418212,2018-10-24T18.50.18.212,13.432,32.927,49.756,29.939
1540421418252,2018-10-24T18.50.18.252,13.472,43.720,23.598,42.012
1540421418290,2018-10-24T18.50.18.290,13.510,54.939,-22.256,53.049
1540421418329,2018-10-24T18.50.18.329,13.549,60.671,24.207,54.268
1540421418369,2018-10-24T18.50.18.369,13.589,63.171,7.317,66.768
1540421418408,2018-10-24T18.50.18.408,13.628,87.805,-7.683,85.183
1540421418448,2018-10-24T18.50.18.448,13.668,125.610,5.488,96.829
1540421418488,2018-10-24T18.50.18.488,13.708,150.427,65.610,95.854
1540421418527,2018-10-24T18.50.18.527,13.747,149.756,101.402,103.171
1540421418567,2018-10-24T18.50.18.567,13.787,92.744,15.549,74.573
1540421418605,2018-10-24T18.50.18.605,13.825,33.354,-93.841,12.744
1540421418644,2018-10-24T18.50.18.644,13.864,-37.622,44.268,-88.598
1540421418684,2018-10-24T18.50.18.684,13.904,-107.256,94.817,-162.317
1540421418723,2018-10-24T18.50.18.723,13.943,-161.402,48.902,-170.427
1540421418763,2018-10-24T18.50.18.763,13.983,-208.963,82.256,-187.866
1540421418802,2018-10-24T18.50.18.802,14.022,-242.500,65.549,-208.963
1540421418842,2018-10-24T18.50.18.842,14.062,-261.280,-81.646,-184.573
1540421418882,2018-10-24T18.50.18.882,14.102,-212.622,-135.793,-117.561
1540421418921,2018-10-24T18.50.18.921,14.141,-61.646,-109.573,-32.927
1540421418961,2018-10-24T18.50.18.961,14.181,87.500,-80.976,49.573
1540421418999,2018-10-24T18.50.18.999,14.219,120.915,-106.280,64.146
1540421419038,2018-10-24T18.50.19.038,14.258,136.159,-72.256,78.659
1540421419078,2018-10-24T18.50.19.078,14.298,116.098,55.671,49.207
1540421419117,2018-10-24T18.50.19.117,14.337,45.183,-104.512,37.683
1540421419157,2018-10-24T18.50.19.157,14.377,28.171,-26.585,16.463
1540421419197,2018-10-24T18.50.19.197,14.417,31.524,6.890,12.439
1540421419236,2018-10-24T18.50.19.236,14.456,32.622,-22.073,19.939
1540421419276,2018-10-24T18.50.19.276,14.496,46.098,17.561,18.659
1540421419314,2018-10-24T18.50.19.314,14.534,53.659,43.354,22.439
1540421419353,2018-10-24T18.50.19.353,14.573,60.366,25.488,36.890
1540421419393,2018-10-24T18.50.19.393,14.613,80.488,22.256,44.634
1540421419432,2018-10-24T18.50.19.432,14.652,110.122,25.793,60.549
1540421419472,2018-10-24T18.50.19.472,14.692,140.610,18.841,80.488
1540421419511,2018-10-24T18.50.19.511,14.731,164.756,46.585,93.780
1540421419551,2018-10-24T18.50.19.551,14.771,154.939,92.988,77.622
1540421419591,2018-10-24T18.50.19.591,14.811,84.634,48.841,25.244
1540421419630,2018-10-24T18.50.19.630,14.850,1.829,-42.256,-66.037
1540421419670,2018-10-24T18.50.19.670,14.890,-67.805,45.671,-142.439
1540421419708,2018-10-24T18.50.19.708,14.928,-97.561,179.695,-191.037
1540421419747,2018-10-24T18.50.19.747,14.967,-127.439,132.866,-224.390
1540421419787,2018-10-24T18.50.19.787,15.007,-168.476,15.366,-236.829
1540421419826,2018-10-24T18.50.19.826,15.046,-189.695,5.854,-226.890
1540421419866,2018-10-24T18.50.19.866,15.086,-166.402,77.744,-201.341
1540421419906,2018-10-24T18.50.19.906,15.126,-64.207,238.720,-157.622
1540421419945,2018-10-24T18.50.19.945,15.165,33.902,113.537,-44.878
1540421419985,2018-10-24T18.50.19.985,15.205,62.988,-182.378,69.939
1540421420023,2018-10-24T18.50.20.023,15.243,74.634,-24.512,69.146
1540421420062,2018-10-24T18.50.20.062,15.282,80.305,95.061,43.293
1540421420102,2018-10-24T18.50.20.102,15.322,2.317,-100.671,39.573
1540421420141,2018-10-24T18.50.20.141,15.361,-3.659,51.524,21.159
1540421420181,2018-10-24T18.50.20.181,15.401,5.549,-13.171,21.159
1540421420220,2018-10-24T18.50.20.220,15.440,21.585,-35.976,33.598
1540421420260,2018-10-24T18.50.20.260,15.480,46.890,57.073,43.659
1540421420300,2018-10-24T18.50.20.300,15.520,70.183,16.524,57.561
1540421420339,2018-10-24T18.50.20.339,15.559,95.427,0.488,61.524
1540421420379,2018-10-24T18.50.20.379,15.599,125.854,35.976,56.341
1540421420417,2018-10-24T18.50.20.417,15.637,174.756,69.390,56.402
1540421420456,2018-10-24T18.50.20.456,15.676,202.866,102.988,35.793
1540421420496,2018-10-24T18.50.20.496,15.716,161.341,234.634,-26.890
1540421420535,2018-10-24T18.50.20.535,15.755,105.427,244.024,-89.634
1540421420575,2018-10-24T18.50.20.575,15.795,35.732,93.476,-161.646
1540421420615,2018-10-24T18.50.20.615,15.835,-13.780,137.866,-184.939
1540421420654,2018-10-24T18.50.20.654,15.874,-54.939,114.939,-183.720
1540421420694,2018-10-24T18.50.20.694,15.914,-117.622,13.110,-165.244
1540421420732,2018-10-24T18.50.20.732,15.952,-171.159,26.220,-150.976
1540421420771,2018-10-24T18.50.20.771,15.991,-202.256,58.476,-154.695
1540421420811,2018-10-24T18.50.20.811,16.031,-208.598,57.195,-158.293
1540421420850,2018-10-24T18.50.20.850,16.070,-168.963,21.341,-121.768
1540421420890,2018-10-24T18.50.20.890,16.110,-72.256,18.232,-49.146
1540421420929,2018-10-24T18.50.20.929,16.149,34.085,13.476,30.244
1540421420969,2018-10-24T18.50.20.969,16.189,82.012,50.427,57.500
1540421421009,2018-10-24T18.50.21.009,16.229,46.037,-91.890,45.854
1540421421048,2018-10-24T18.50.21.048,16.268,62.439,9.024,59.024
1540421421088,2018-10-24T18.50.21.088,16.308,35.854,3.415,35.061
1540421421126,2018-10-24T18.50.21.126,16.346,13.780,-45.183,33.841
1540421421165,2018-10-24T18.50.21.165,16.385,22.683,1.524,30.488
1540421421205,2018-10-24T18.50.21.205,16.425,34.085,-19.146,38.598
1540421421244,2018-10-24T18.50.21.244,16.464,48.293,4.878,42.195
1540421421284,2018-10-24T18.50.21.284,16.504,49.329,-29.512,46.890
1540421421323,2018-10-24T18.50.21.323,16.543,56.402,-2.378,45.427
1540421421363,2018-10-24T18.50.21.363,16.583,71.341,6.402,55.488
1540421421403,2018-10-24T18.50.21.403,16.623,102.073,-6.768,75.488
1540421421441,2018-10-24T18.50.21.441,16.661,158.415,23.780,97.561
1540421421480,2018-10-24T18.50.21.480,16.700,218.780,50.671,128.963
1540421421520,2018-10-24T18.50.21.520,16.740,193.415,88.780,106.890
1540421421559,2018-10-24T18.50.21.559,16.779,63.354,29.390,34.695
1540421421599,2018-10-24T18.50.21.599,16.819,-54.451,-195.854,-59.939
1540421421638,2018-10-24T18.50.21.638,16.858,-122.012,-71.463,-109.329
1540421421678,2018-10-24T18.50.21.678,16.898,-133.293,236.463,-127.256
1540421421718,2018-10-24T18.50.21.718,16.938,-155.488,117.500,-161.951
1540421421757,2018-10-24T18.50.21.757,16.977,-191.524,-179.390,-164.024
1540421421797,2018-10-24T18.50.21.797,17.017,-189.024,-14.268,-151.524
1540421421835,2018-10-24T18.50.21.835,17.055,-160.549,80.061,-149.573
1540421421874,2018-10-24T18.50.21.874,17.094,-143.232,-39.268,-104.207
1540421421914,2018-10-24T18.50.21.914,17.134,-94.512,-6.524,-40.732
1540421421953,2018-10-24T18.50.21.953,17.173,-56.341,-57.683,2.561
1540421421993,2018-10-24T18.50.21.993,17.213,-16.159,-79.329,24.390
1540421422032,2018-10-24T18.50.22.032,17.252,32.988,21.159,39.695
1540421422072,2018-10-24T18.50.22.072,17.292,40.915,110.061,16.707
1540421422112,2018-10-24T18.50.22.112,17.332,48.841,-182.195,52.683
1540421422150,2018-10-24T18.50.22.150,17.370,99.390,38.537,62.500
1540421422189,2018-10-24T18.50.22.189,17.409,32.317,-61.037,29.024
1540421422229,2018-10-24T18.50.22.229,17.449,11.341,27.195,18.537
1540421422268,2018-10-24T18.50.22.268,17.488,18.171,53.598,11.951
1540421422308,2018-10-24T18.50.22.308,17.528,19.512,-56.951,23.415
1540421422347,2018-10-24T18.50.22.347,17.567,33.476,17.317,20.610
1540421422387,2018-10-24T18.50.22.387,17.607,40.183,35.793,28.537
1540421422427,2018-10-24T18.50.22.427,17.647,40.854,-11.707,37.500
1540421422466,2018-10-24T18.50.22.466,17.686,48.841,29.024,40.854
1540421422506,2018-10-24T18.50.22.506,17.726,56.402,-2.927,51.037
1540421422544,2018-10-24T18.50.22.544,17.764,73.354,-26.037,69.451
1540421422583,2018-10-24T18.50.22.583,17.803,88.598,34.756,73.720
1540421422623,2018-10-24T18.50.22.623,17.843,111.707,65.732,70.366
1540421422662,2018-10-24T18.50.22.662,17.882,154.146,198.537,61.037
1540421422702,2018-10-24T18.50.22.702,17.922,164.634,310.183,27.744
1540421422741,2018-10-24T18.50.22.741,17.961,166.585,261.402,-34.329
1540421422781,2018-10-24T18.50.22.781,18.001,114.756,-262.744,-110.610
1540421422821,2018-10-24T18.50.22.821,18.041,34.817,-163.720,-213.841
1540421422859,2018-10-24T18.50.22.859,18.079,10.061,380.122,-237.256
1540421422898,2018-10-24T18.50.22.898,18.118,-47.500,224.634,-278.232
1540421422938,2018-10-24T18.50.22.938,18.158,-131.951,-0.732,-294.817
1540421422977,2018-10-24T18.50.22.977,18.197,-148.720,171.037,-198.780
1540421423017,2018-10-24T18.50.23.017,18.237,-56.768,106.524,-76.585
1540421423056,2018-10-24T18.50.23.056,18.276,51.890,-0.915,65.793
1540421423096,2018-10-24T18.50.23.096,18.316,13.476,21.098,14.878
1540421423136,2018-10-24T18.50.23.136,18.356,-9.878,26.037,18.841
1540421423175,2018-10-24T18.50.23.175,18.395,-21.585,80.305,16.585
1540421423213,2018-10-24T18.50.23.213,18.433,-28.049,-45.854,22.622
1540421423253,2018-10-24T18.50.23.253,18.473,-6.280,-2.744,23.293
1540421423292,2018-10-24T18.50.23.292,18.512,16.159,24.695,28.171
1540421423332,2018-10-24T18.50.23.332,18.552,35.549,-3.354,44.756
1540421423371,2018-10-24T18.50.23.371,18.591,61.707,3.537,54.085
1540421423411,2018-10-24T18.50.23.411,18.631,100.000,23.293,56.646
1540421423450,2018-10-24T18.50.23.450,18.670,108.049,80.793,28.598
1540421423490,2018-10-24T18.50.23.490,18.710,58.963,144.756,-22.866
1540421423530,2018-10-24T18.50.23.530,18.750,-54.390,106.768,-67.561
1540421423568,2018-10-24T18.50.23.568,18.788,-156.768,-67.378,-59.512
1540421423607,2018-10-24T18.50.23.607,18.827,-183.110,-149.451,-17.439
1540421423647,2018-10-24T18.50.23.647,18.867,-148.659,-145.366,0.732
1540421423686,2018-10-24T18.50.23.686,18.906,-36.585,26.463,4.756
1540421423726,2018-10-24T18.50.23.726,18.946,20.366,60.732,-1.341
1540421423765,2018-10-24T18.50.23.765,18.985,-17.866,-27.073,-5.244
1540421423805,2018-10-24T18.50.23.805,19.025,-8.963,-44.939,-5.305
1540421423844,2018-10-24T18.50.23.844,19.064,-18.232,-20.732,-11.402
1540421423884,2018-10-24T18.50.23.884,19.104,-23.293,22.561,-16.341
1540421423922,2018-10-24T18.50.23.922,19.142,-33.476,-7.561,-13.780
1540421423962,2018-10-24T18.50.23.962,19.182,-34.451,-9.512,-13.537
1540421424001,2018-10-24T18.50.24.001,19.221,-15.793,10.549,-11.463
1540421424041,2018-10-24T18.50.24.041,19.261,2.195,6.341,-1.829
1540421424080,2018-10-24T18.50.24.080,19.300,5.854,-1.707,2.744
1540421424120,2018-10-24T18.50.24.120,19.340,5.732,6.829,0.549
1540421424159,2018-10-24T18.50.24.159,19.379,3.232,1.890,0.976
1540421424199,2018-10-24T18.50.24.199,19.419,-2.012,-1.890,2.927
1540421424239,2018-10-24T18.50.24.239,19.459,-5.610,0.854,4.085
1540421424277,2018-10-24T18.50.24.277,19.497,-8.598,9.695,3.780
1540421424316,2018-10-24T18.50.24.316,19.536,-8.354,5.549,3.720
1540421424356,2018-10-24T18.50.24.356,19.576,-4.878,0.793,4.695
1540421424395,2018-10-24T18.50.24.395,19.615,-3.293,9.390,4.207
1540421424435,2018-10-24T18.50.24.435,19.655,-4.390,12.195,3.659
1540421424474,2018-10-24T18.50.24.474,19.694,-4.390,9.390,2.378
1540421424514,2018-10-24T18.50.24.514,19.734,-3.049,5.183,2.073
1540421424553,2018-10-24T18.50.24.553,19.773,-1.341,-0.732,3.780
1540421424593,2018-10-24T18.50.24.593,19.813,0.305,3.598,4.329
1540421424631,2018-10-24T18.50.24.631,19.851,0.244,5.793,3.537
1540421424671,2018-10-24T18.50.24.671,19.891,-0.549,1.341,1.829
1540421424710,2018-10-24T18.50.24.710,19.930,-1.098,-2.988,0.244
1540421424750,2018-10-24T18.50.24.750,19.970,-1.402,-2.256,-0.549
1540421424789,2018-10-24T18.50.24.789,20.009,-1.159,0.122,-0.610
1540421424829,2018-10-24T18.50.24.829,20.049,-0.427,0.488,-0.244
1540421424868,2018-10-24T18.50.24.868,20.088,-0.061,0.061,-0.244
1540421424908,2018-10-24T18.50.24.908,20.128,-0.305,-1.524,-0.427
1540421424948,2018-10-24T18.50.24.948,20.168,-0.549,-0.610,-1.159
1540421424986,2018-10-24T18.50.24.986,20.206,-0.488,-0.732,-1.280
1540421425025,2018-10-24T18.50.25.025,20.245,0.671,-1.646,-0.610
1540421425065,2018-10-24T18.50.25.065,20.285,1.098,-2.256,0.183
1540421425104,2018-10-24T18.50.25.104,20.324,1.159,-0.427,0.488
1540421425144,2018-10-24T18.50.25.144,20.364,0.549,-0.183,0.427
1540421425183,2018-10-24T18.50.25.183,20.403,-0.305,0.976,0.122
1540421425223,2018-10-24T18.50.25.223,20.443,-0.671,1.402,-0.061
1540421425262,2018-10-24T18.50.25.262,20.482,-0.366,1.220,-0.122
1540421425302,2018-10-24T18.50.25.302,20.522,0.183,-0.305,-0.122
1540421425340,2018-10-24T18.50.25.340,20.560,0.732,-2.561,0.244
1540421425380,2018-10-24T18.50.25.380,20.600,1.220,-1.341,0.366
1540421425419,2018-10-24T18.50.25.419,20.639,1.220,-1.220,0.366
1540421425459,2018-10-24T18.50.25.459,20.679,0.610,0.549,0.244
1540421425498,2018-10-24T18.50.25.498,20.718,-0.122,5.732,-0.488
1540421425538,2018-10-24T18.50.25.538,20.758,-1.037,4.573,-1.341
1540421425577,2018-10-24T18.50.25.577,20.797,-2.439,-3.171,-1.829
1540421425617,2018-10-24T18.50.25.617,20.837,-2.744,-1.159,-2.378
1540421425656,2018-10-24T18.50.25.656,20.876,-1.280,-0.488,-1.585
1540421425695,2018-10-24T18.50.25.695,20.915,1.098,-2.622,0.061
1540421425734,2018-10-24T18.50.25.734,20.954,3.171,-8.049,2.073
1540421425774,2018-10-24T18.50.25.774,20.994,3.354,-10.976,3.232
1540421425813,2018-10-24T18.50.25.813,21.033,1.646,-6.829,2.866
1540421425853,2018-10-24T18.50.25.853,21.073,0.488,-4.024,2.500
1540421425892,2018-10-24T18.50.25.892,21.112,0.305,0.244,2.073
1540421425932,2018-10-24T18.50.25.932,21.152,0.427,-2.134,1.829
1540421425971,2018-10-24T18.50.25.971,21.191,0.366,-4.329,0.976
1540421426011,2018-10-24T18.50.26.011,21.231,1.098,-3.354,-0.122
1540421426049,2018-10-24T18.50.26.049,21.269,0.183,-9.634,-0.122
1540421426089,2018-10-24T18.50.26.089,21.309,0.549,-6.037,-0.427
1540421426128,2018-10-24T18.50.26.128,21.348,0.915,-5.732,-1.463
1540421426168,2018-10-24T18.50.26.168,21.388,-1.646,-13.476,-1.585
1540421426207,2018-10-24T18.50.26.207,21.427,-3.476,-7.805,-2.500
1540421426247,2018-10-24T18.50.26.247,21.467,-3.720,-1.890,-2.622
1540421426286,2018-10-24T18.50.26.286,21.506,-3.354,-4.146,-2.500
1540421426326,2018-10-24T18.50.26.326,21.546,-2.439,-7.256,-1.829
1540421426365,2018-10-24T18.50.26.365,21.585,-1.159,-4.573,-0.671
1540421426404,2018-10-24T18.50.26.404,21.624,-0.305,1.341,-0.122
1540421426443,2018-10-24T18.50.26.443,21.663,-0.244,-2.317,0.366
1540421426483,2018-10-24T18.50.26.483,21.703,-0.244,-1.829,0.183
1540421426522,2018-10-24T18.50.26.522,21.742,-0.244,0.915,-0.122
1540421426562,2018-10-24T18.50.26.562,21.782,-0.061,-0.366,0.000
1540421426601,2018-10-24T18.50.26.601,21.821,0.244,-3.171,0.000
1540421426641,2018-10-24T18.50.26.641,21.861,0.061,-5.000,0.122
1540421426680,2018-10-24T18.50.26.680,21.900,0.122,-4.695,0.305
1540421426720,2018-10-24T18.50.26.720,21.940,0.061,-4.268,0.427
1540421426758,2018-10-24T18.50.26.758,21.978,0.061,-2.866,0.061
1540421426798,2018-10-24T18.50.26.798,22.018,-1.037,-4.512,-0.244
1540421426837,2018-10-24T18.50.26.837,22.057,-1.220,-4.878,-0.915
1540421426877,2018-10-24T18.50.26.877,22.097,-1.280,-8.354,-0.915
1540421426916,2018-10-24T18.50.26.916,22.136,-2.256,-7.744,-0.976
1540421426956,2018-10-24T18.50.26.956,22.176,-2.866,-6.829,-1.220
1540421426995,2018-10-24T18.50.26.995,22.215,-3.171,-13.598,-0.061
1540421427035,2018-10-24T18.50.27.035,22.255,-1.159,-5.732,0.183
1540421427074,2018-10-24T18.50.27.074,22.294,-0.366,-0.305,0.488
1540421427113,2018-10-24T18.50.27.113,22.333,-1.220,0.244,1.037
1540421427152,2018-10-24T18.50.27.152,22.372,-1.463,-0.305,0.854
1540421427192,2018-10-24T18.50.27.192,22.412,-2.012,-3.659,0.793
1540421427231,2018-10-24T18.50.27.231,22.451,-1.646,-7.378,1.220
1540421427271,2018-10-24T18.50.27.271,22.491,-1.159,-10.854,1.890
1540421427310,2018-10-24T18.50.27.310,22.530,-0.610,-6.341,2.012
1540421427350,2018-10-24T18.50.27.350,22.570,-0.488,-5.488,2.195
1540421427389,2018-10-24T18.50.27.389,22.609,-0.305,-5.732,2.195
1540421427429,2018-10-24T18.50.27.429,22.649,-0.061,-3.415,1.890
1540421427467,2018-10-24T18.50.27.467,22.687,0.000,-2.988,1.646
1540421427507,2018-10-24T18.50.27.507,22.727,-0.061,-1.280,1.037
1540421427546,2018-10-24T18.50.27.546,22.766,-0.854,-2.012,0.427
1540421427586,2018-10-24T18.50.27.586,22.806,-1.220,1.098,-0.427
1540421427625,2018-10-24T18.50.27.625,22.845,-1.098,2.439,-1.220
1540421427665,2018-10-24T18.50.27.665,22.885,-0.732,2.317,-1.524
1540421427704,2018-10-24T18.50.27.704,22.924,-0.488,0.427,-1.585
1540421427744,2018-10-24T18.50.27.744,22.964,-0.061,2.439,-1.098
1540421427783,2018-10-24T18.50.27.783,23.003,0.976,4.695,-0.793
1540421427822,2018-10-24T18.50.27.822,23.042,1.463,-0.793,0.000
1540421427861,2018-10-24T18.50.27.861,23.081,2.317,1.341,0.122
1540421427901,2018-10-24T18.50.27.901,23.121,1.707,2.439,0.305
1540421427940,2018-10-24T18.50.27.940,23.160,0.671,5.793,-0.061
1540421427980,2018-10-24T18.50.27.980,23.200,-0.793,10.427,-0.549
1540421428019,2018-10-24T18.50.28.019,23.239,-1.829,13.780,-0.610
1540421428059,2018-10-24T18.50.28.059,23.279,-1.707,13.476,-0.183
1540421428098,2018-10-24T18.50.28.098,23.318,-0.915,18.963,0.366
1540421428138,2018-10-24T18.50.28.138,23.358,0.061,18.293,1.098
1540421428176,2018-10-24T18.50.28.176,23.396,0.915,12.012,1.280
1540421428216,2018-10-24T18.50.28.216,23.436,2.012,7.744,1.159
1540421428255,2018-10-24T18.50.28.255,23.475,2.622,-0.122,1.585
1540421428295,2018-10-24T18.50.28.295,23.515,3.659,1.768,1.402
1540421428334,2018-10-24T18.50.28.334,23.554,5.061,4.207,1.707
1540421428374,2018-10-24T18.50.28.374,23.594,6.159,6.220,1.951
1540421428413,2018-10-24T18.50.28.413,23.633,6.585,4.207,2.195
1540421428453,2018-10-24T18.50.28.453,23.673,7.744,3.415,2.500
1540421428492,2018-10-24T18.50.28.492,23.712,9.207,5.244,3.049
1540421428531,2018-10-24T18.50.28.531,23.751,9.817,4.878,3.780
1540421428570,2018-10-24T18.50.28.570,23.790,8.963,4.024,3.293
1540421428610,2018-10-24T18.50.28.610,23.830,7.134,1.280,2.317
1540421428649,2018-10-24T18.50.28.649,23.869,4.512,0.793,0.854
1540421428689,2018-10-24T18.50.28.689,23.909,1.463,0.366,-0.732
1540421428728,2018-10-24T18.50.28.728,23.948,0.244,-1.037,-0.854
1540421428768,2018-10-24T18.50.28.768,23.988,1.585,3.110,-0.671
1540421428807,2018-10-24T18.50.28.807,24.027,3.720,2.622,1.280
1540421428847,2018-10-24T18.50.28.847,24.067,6.220,2.500,3.720
1540421428885,2018-10-24T18.50.28.885,24.105,7.256,1.280,5.366
1540421428925,2018-10-24T18.50.28.925,24.145,4.878,-2.134,5.427
1540421428964,2018-10-24T18.50.28.964,24.184,1.646,2.256,2.561
1540421429004,2018-10-24T18.50.29.004,24.224,-1.646,-0.488,0.244
1540421429043,2018-10-24T18.50.29.043,24.263,-2.073,-1.829,0.366
1540421429083,2018-10-24T18.50.29.083,24.303,0.732,-1.159,2.439
1540421429122,2018-10-24T18.50.29.122,24.342,4.512,-0.305,4.756
1540421429162,2018-10-24T18.50.29.162,24.382,5.671,-0.244,5.244
1540421429201,2018-10-24T18.50.29.201,24.421,4.085,0.732,3.232
1540421429240,2018-10-24T18.50.29.240,24.460,1.829,3.720,0.305
1540421429279,2018-10-24T18.50.29.279,24.499,0.000,2.927,-1.341
1540421429319,2018-10-24T18.50.29.319,24.539,0.427,-0.183,-0.793
1540421429358,2018-10-24T18.50.29.358,24.578,3.415,-4.634,1.463
1540421429398,2018-10-24T18.50.29.398,24.618,8.659,-4.756,4.512
1540421429437,2018-10-24T18.50.29.437,24.657,10.976,-12.622,8.476
1540421429477,2018-10-24T18.50.29.477,24.697,9.634,-12.317,9.939
1540421429516,2018-10-24T18.50.29.516,24.736,6.280,-6.890,8.780
1540421429556,2018-10-24T18.50.29.556,24.776,2.927,-5.915,9.024
1540421429594,2018-10-24T18.50.29.594,24.814,-3.049,-4.024,8.780
1540421429634,2018-10-24T18.50.29.634,24.854,-5.549,16.159,9.756
1540421429673,2018-10-24T18.50.29.673,24.893,0.854,19.512,15.061
1540421429713,2018-10-24T18.50.29.713,24.933,32.988,4.207,37.317
1540421429752,2018-10-24T18.50.29.752,24.972,91.585,-6.341,65.976
1540421429792,2018-10-24T18.50.29.792,25.012,139.939,23.659,68.537
1540421429831,2018-10-24T18.50.29.831,25.051,136.463,59.695,48.293
1540421429871,2018-10-24T18.50.29.871,25.091,40.732,43.049,-11.463
1540421429910,2018-10-24T18.50.29.910,25.130,-73.598,-1.646,-80.244
1540421429948,2018-10-24T18.50.29.948,25.168,-105.061,38.476,-97.439
1540421429988,2018-10-24T18.50.29.988,25.208,-98.110,88.293,-91.951
1540421430028,2018-10-24T18.50.30.028,25.248,-110.488,-16.463,-78.354
1540421430067,2018-10-24T18.50.30.067,25.287,-99.634,-16.402,-66.951
1540421430107,2018-10-24T18.50.30.107,25.327,-68.841,55.000,-64.146
1540421430146,2018-10-24T18.50.30.146,25.366,-29.878,93.049,-69.634
1540421430186,2018-10-24T18.50.30.186,25.406,8.293,83.476,-49.390
1540421430225,2018-10-24T18.50.30.225,25.445,38.049,66.159,-10.183
1540421430263,2018-10-24T18.50.30.263,25.483,37.744,-47.805,30.610
1540421430303,2018-10-24T18.50.30.303,25.523,35.671,-175.061,57.866
1540421430343,2018-10-24T18.50.30.343,25.563,65.244,7.927,42.073
1540421430382,2018-10-24T18.50.30.382,25.602,32.500,-24.268,25.183
1540421430422,2018-10-24T18.50.30.422,25.642,15.061,-7.012,14.085
1540421430461,2018-10-24T18.50.30.461,25.681,21.159,22.256,8.659
1540421430501,2018-10-24T18.50.30.501,25.721,24.329,-12.805,15.915
1540421430540,2018-10-24T18.50.30.540,25.760,32.073,19.695,20.427
1540421430580,2018-10-24T18.50.30.580,25.800,41.524,9.878,29.390
1540421430619,2018-10-24T18.50.30.619,25.839,48.537,-12.988,36.585
1540421430657,2018-10-24T18.50.30.657,25.877,56.463,-25.305,43.110
1540421430697,2018-10-24T18.50.30.697,25.917,67.866,3.110,47.683
1540421430737,2018-10-24T18.50.30.737,25.957,78.354,12.988,57.500
1540421430776,2018-10-24T18.50.30.776,25.996,100.244,4.451,69.024
1540421430816,2018-10-24T18.50.30.816,26.036,139.268,27.866,80.122
1540421430855,2018-10-24T18.50.30.855,26.075,159.634,56.951,87.256
1540421430895,2018-10-24T18.50.30.895,26.115,141.829,105.915,75.183
1540421430934,2018-10-24T18.50.30.934,26.154,84.573,-40.183,33.841
1540421430972,2018-10-24T18.50.30.972,26.192,2.988,-175.000,-72.195
1540421431012,2018-10-24T18.50.31.012,26.232,-70.305,44.207,-151.341
1540421431052,2018-10-24T18.50.31.052,26.272,-98.537,205.732,-163.537
1540421431091,2018-10-24T18.50.31.091,26.311,-131.037,142.805,-180.854
1540421431131,2018-10-24T18.50.31.131,26.351,-177.195,-19.024,-198.963
1540421431170,2018-10-24T18.50.31.170,26.390,-221.159,-39.512,-183.476
1540421431210,2018-10-24T18.50.31.210,26.430,-197.622,53.110,-154.634
1540421431249,2018-10-24T18.50.31.249,26.469,-115.793,-14.329,-87.317
1540421431289,2018-10-24T18.50.31.289,26.509,-3.902,-83.598,14.634
1540421431328,2018-10-24T18.50.31.328,26.548,71.646,-66.098,63.415
1540421431366,2018-10-24T18.50.31.366,26.586,74.756,-86.890,64.085
1540421431406,2018-10-24T18.50.31.406,26.626,84.390,61.707,60.000
1540421431446,2018-10-24T18.50.31.446,26.666,51.890,-73.415,50.732
1540421431485,2018-10-24T18.50.31.485,26.705,37.378,-33.659,31.768
1540421431525,2018-10-24T18.50.31.525,26.745,43.415,42.317,20.305
1540421431564,2018-10-24T18.50.31.564,26.784,44.756,-16.951,27.744
1540421431604,2018-10-24T18.50.31.604,26.824,46.890,10.366,27.073
1540421431643,2018-10-24T18.50.31.643,26.863,46.280,12.683,28.476
1540421431681,2018-10-24T18.50.31.681,26.901,48.354,4.512,34.573
1540421431721,2018-10-24T18.50.31.721,26.941,59.695,-8.354,45.549
1540421431761,2018-10-24T18.50.31.761,26.981,86.768,3.476,55.976
1540421431800,2018-10-24T18.50.31.800,27.020,118.720,15.122,66.524
1540421431840,2018-10-24T18.50.31.840,27.060,149.085,54.878,73.354
1540421431879,2018-10-24T18.50.31.879,27.099,158.963,92.500,73.659
1540421431919,2018-10-24T18.50.31.919,27.139,125.244,77.805,49.329
1540421431958,2018-10-24T18.50.31.958,27.178,52.378,0.549,-29.451
1540421431998,2018-10-24T18.50.31.998,27.218,-26.098,60.976,-122.561
1540421432037,2018-10-24T18.50.32.037,27.257,-65.610,167.622,-163.537
1540421432075,2018-10-24T18.50.32.075,27.295,-102.805,99.878,-179.939
1540421432115,2018-10-24T18.50.32.115,27.335,-159.329,6.707,-185.915
1540421432155,2018-10-24T18.50.32.155,27.375,-211.890,25.000,-185.183
1540421432194,2018-10-24T18.50.32.194,27.414,-210.000,106.463,-175.488
1540421432234,2018-10-24T18.50.32.234,27.454,-162.256,-6.402,-142.927
1540421432273,2018-10-24T18.50.32.273,27.493,-68.720,-25.671,-67.073
1540421432313,2018-10-24T18.50.32.313,27.533,32.866,44.817,4.573
1540421432352,2018-10-24T18.50.32.352,27.572,74.817,-42.378,52.378
1540421432390,2018-10-24T18.50.32.390,27.610,79.329,-97.622,79.695
1540421432430,2018-10-24T18.50.32.430,27.650,88.415,88.171,55.488
1540421432469,2018-10-24T18.50.32.469,27.689,32.744,-85.549,37.988
1540421432509,2018-10-24T18.50.32.509,27.729,17.012,36.524,19.390
1540421432549,2018-10-24T18.50.32.549,27.769,28.659,46.585,19.695
1540421432588,2018-10-24T18.50.32.588,27.808,34.024,-45.000,30.488
1540421432628,2018-10-24T18.50.32.628,27.848,41.159,4.634,28.232
1540421432667,2018-10-24T18.50.32.667,27.887,42.378,3.049,29.512
1540421432707,2018-10-24T18.50.32.707,27.927,40.854,-10.549,32.256
1540421432746,2018-10-24T18.50.32.746,27.966,48.841,-5.244,41.524
1540421432784,2018-10-24T18.50.32.784,28.004,74.390,-1.951,56.463
1540421432824,2018-10-24T18.50.32.824,28.044,102.744,4.512,73.293
1540421432864,2018-10-24T18.50.32.864,28.084,126.585,2.744,89.024
1540421432903,2018-10-24T18.50.32.903,28.123,148.110,23.476,97.622
1540421432943,2018-10-24T18.50.32.943,28.163,138.293,46.768,87.622
1540421432982,2018-10-24T18.50.32.982,28.202,82.378,-35.305,64.634
1540421433022,2018-10-24T18.50.33.022,28.242,-9.085,-136.037,-25.732
1540421433061,2018-10-24T18.50.33.061,28.281,-101.098,53.415,-118.841
1540421433099,2018-10-24T18.50.33.099,28.319,-133.415,197.439,-154.146
1540421433139,2018-10-24T18.50.33.139,28.359,-161.951,110.854,-182.744
1540421433178,2018-10-24T18.50.33.178,28.398,-194.329,22.744,-212.317
1540421433218,2018-10-24T18.50.33.218,28.438,-205.488,74.634,-207.927
1540421433258,2018-10-24T18.50.33.258,28.478,-159.451,133.780,-172.744
1540421433297,2018-10-24T18.50.33.297,28.517,-68.841,18.293,-86.159
1540421433337,2018-10-24T18.50.33.337,28.557,47.744,-1.707,10.671
1540421433376,2018-10-24T18.50.33.376,28.596,94.146,-125.793,94.390
1540421433416,2018-10-24T18.50.33.416,28.636,79.268,-51.280,82.378
1540421433454,2018-10-24T18.50.33.454,28.674,55.854,-28.720,39.878
1540421433493,2018-10-24T18.50.33.493,28.713,27.439,25.427,30.549
1540421433533,2018-10-24T18.50.33.533,28.753,12.012,-37.378,24.390
1540421433573,2018-10-24T18.50.33.573,28.793,22.256,-11.037,14.634
1540421433612,2018-10-24T18.50.33.612,28.832,25.000,26.098,10.061
1540421433652,2018-10-24T18.50.33.652,28.872,23.171,8.780,9.085
1540421433691,2018-10-24T18.50.33.691,28.911,30.000,29.146,9.817
1540421433731,2018-10-24T18.50.33.731,28.951,37.317,15.488,24.329
1540421433770,2018-10-24T18.50.33.770,28.990,60.549,6.707,40.610
1540421433808,2018-10-24T18.50.33.808,29.028,100.366,38.598,51.220
1540421433848,2018-10-24T18.50.33.848,29.068,148.963,61.463,56.829
1540421433887,2018-10-24T18.50.33.887,29.107,195.915,66.402,65.671
1540421433927,2018-10-24T18.50.33.927,29.147,210.427,144.451,39.634
1540421433967,2018-10-24T18.50.33.967,29.187,169.756,189.146,-5.061
1540421434006,2018-10-24T18.50.34.006,29.226,82.134,107.744,-98.110
1540421434046,2018-10-24T18.50.34.046,29.266,-7.012,-3.659,-211.768
1540421434085,2018-10-24T18.50.34.085,29.305,-67.988,158.415,-248.841
1540421434125,2018-10-24T18.50.34.125,29.345,-96.890,202.378,-240.915
1540421434163,2018-10-24T18.50.34.163,29.383,-147.744,27.683,-232.439
1540421434202,2018-10-24T18.50.34.202,29.422,-193.354,30.061,-209.878
1540421434242,2018-10-24T18.50.34.242,29.462,-185.976,151.220,-197.622
1540421434281,2018-10-24T18.50.34.281,29.501,-128.110,137.500,-151.402
1540421434321,2018-10-24T18.50.34.321,29.541,-25.793,76.341,-49.085
1540421434361,2018-10-24T18.50.34.361,29.581,74.024,-50.000,50.854
1540421434400,2018-10-24T18.50.34.400,29.620,93.415,-132.622,93.171
1540421434440,2018-10-24T18.50.34.440,29.660,97.378,21.159,69.085
1540421434479,2018-10-24T18.50.34.479,29.699,38.171,-52.927,30.732
1540421434517,2018-10-24T18.50.34.517,29.737,1.951,42.683,15.976
1540421434557,2018-10-24T18.50.34.557,29.777,-2.561,7.012,7.988
1540421434596,2018-10-24T18.50.34.596,29.816,4.878,27.866,10.244
1540421434636,2018-10-24T18.50.34.636,29.856,18.720,52.805,11.280
1540421434676,2018-10-24T18.50.34.676,29.896,30.671,52.256,12.866
1540421434715,2018-10-24T18.50.34.715,29.935,39.451,31.951,26.037
1540421434755,2018-10-24T18.50.34.755,29.975,55.732,-30.427,42.561
1540421434794,2018-10-24T18.50.34.794,30.014,79.878,-2.988,48.354
1540421434834,2018-10-24T18.50.34.834,30.054,112.134,33.110,51.707
1540421434873,2018-10-24T18.50.34.873,30.093,155.366,47.622,56.402
1540421434911,2018-10-24T18.50.34.911,30.131,179.817,85.366,51.402
1540421434951,2018-10-24T18.50.34.951,30.171,161.829,177.622,20.244
1540421434990,2018-10-24T18.50.34.990,30.210,97.805,175.305,-13.232
1540421435030,2018-10-24T18.50.35.030,30.250,38.476,71.463,-61.585
1540421435070,2018-10-24T18.50.35.070,30.290,-35.549,65.183,-120.671
1540421435109,2018-10-24T18.50.35.109,30.329,-97.866,91.463,-134.512
1540421435149,2018-10-24T18.50.35.149,30.369,-152.073,36.341,-145.183
1540421435188,2018-10-24T18.50.35.188,30.408,-212.988,-16.280,-161.951
1540421435226,2018-10-24T18.50.35.226,30.446,-255.854,3.963,-168.293
1540421435266,2018-10-24T18.50.35.266,30.486,-258.171,49.207,-155.427
1540421435305,2018-10-24T18.50.35.305,30.525,-194.695,-56.463,-116.951
1540421435345,2018-10-24T18.50.35.345,30.565,-71.463,-165.244,-25.061
1540421435385,2018-10-24T18.50.35.385,30.605,74.268,-72.134,44.329
1540421435424,2018-10-24T18.50.35.424,30.644,127.256,-50.976,38.537
1540421435464,2018-10-24T18.50.35.464,30.684,114.878,36.768,60.061
1540421435503,2018-10-24T18.50.35.503,30.723,74.085,-2.622,39.695
1540421435543,2018-10-24T18.50.35.543,30.763,29.573,-111.341,31.768
1540421435582,2018-10-24T18.50.35.582,30.802,33.780,98.293,8.659
1540421435620,2018-10-24T18.50.35.620,30.840,38.110,8.902,21.890
1540421435660,2018-10-24T18.50.35.660,30.880,47.378,-25.427,31.951
1540421435699,2018-10-24T18.50.35.699,30.919,52.744,22.622,25.854
1540421435739,2018-10-24T18.50.35.739,30.959,45.000,12.866,28.171
1540421435779,2018-10-24T18.50.35.779,30.999,44.268,-11.585,37.256
1540421435818,2018-10-24T18.50.35.818,31.038,62.805,-21.402,48.963
1540421435858,2018-10-24T18.50.35.858,31.078,96.829,-20.305,64.329
1540421435897,2018-10-24T18.50.35.897,31.117,136.646,1.585,77.073
1540421435935,2018-10-24T18.50.35.935,31.155,165.549,12.012,95.061
1540421435975,2018-10-24T18.50.35.975,31.195,133.232,54.817,88.598
1540421436014,2018-10-24T18.50.36.014,31.234,44.451,68.049,61.524
1540421436054,2018-10-24T18.50.36.054,31.274,-23.476,-57.134,32.866
1540421436094,2018-10-24T18.50.36.094,31.314,-101.585,-127.866,-5.122
1540421436133,2018-10-24T18.50.36.133,31.353,-155.000,14.085,-4.878
1540421436173,2018-10-24T18.50.36.173,31.393,-193.537,49.695,-34.878
1540421436212,2018-10-24T18.50.36.212,31.432,-237.378,-37.012,-77.866
1540421436252,2018-10-24T18.50.36.252,31.472,-253.780,-39.085,-112.073
1540421436291,2018-10-24T18.50.36.291,31.511,-221.524,100.061,-159.817
1540421436329,2018-10-24T18.50.36.329,31.549,-147.561,11.098,-183.780
1540421436369,2018-10-24T18.50.36.369,31.589,-75.366,-137.805,-113.902
1540421436408,2018-10-24T18.50.36.408,31.628,-3.537,-155.854,-31.220
1540421436448,2018-10-24T18.50.36.448,31.668,65.732,-105.305,16.829
1540421436488,2018-10-24T18.50.36.488,31.708,83.354,-76.646,37.500
1540421436527,2018-10-24T18.50.36.527,31.747,80.915,-62.195,40.366
1540421436567,2018-10-24T18.50.36.567,31.787,68.293,-16.951,34.085
1540421436606,2018-10-24T18.50.36.606,31.826,45.244,-36.707,15.000
1540421436646,2018-10-24T18.50.36.646,31.866,39.634,41.159,13.476
1540421436684,2018-10-24T18.50.36.684,31.904,32.561,-54.451,24.146
1540421436723,2018-10-24T18.50.36.723,31.943,34.512,-33.659,19.756
1540421436763,2018-10-24T18.50.36.763,31.983,37.378,17.622,16.159
1540421436802,2018-10-24T18.50.36.802,32.022,36.341,-43.902,23.902
1540421436842,2018-10-24T18.50.36.842,32.062,43.598,-23.780,25.488
1540421436882,2018-10-24T18.50.36.882,32.102,51.951,2.195,27.805
1540421436921,2018-10-24T18.50.36.921,32.141,58.720,-5.122,36.585
1540421436961,2018-10-24T18.50.36.961,32.181,72.927,2.012,43.720
1540421437000,2018-10-24T18.50.37.000,32.220,97.317,15.000,50.305
1540421437038,2018-10-24T18.50.37.038,32.258,125.305,22.012,65.305
1540421437078,2018-10-24T18.50.37.078,32.298,145.793,32.134,86.951
1540421437117,2018-10-24T18.50.37.117,32.337,145.244,80.366,82.195
1540421437157,2018-10-24T18.50.37.157,32.377,96.220,45.854,76.098
1540421437197,2018-10-24T18.50.37.197,32.417,34.146,-80.610,43.232
1540421437236,2018-10-24T18.50.37.236,32.456,-36.829,-64.512,-15.915
1540421437276,2018-10-24T18.50.37.276,32.496,-106.220,32.256,-58.049
1540421437315,2018-10-24T18.50.37.315,32.535,-154.817,38.902,-86.280
1540421437355,2018-10-24T18.50.37.355,32.575,-207.927,-5.366,-121.646
1540421437393,2018-10-24T18.50.37.393,32.613,-251.707,-36.524,-154.573
1540421437432,2018-10-24T18.50.37.432,32.652,-260.305,27.622,-179.451
1540421437472,2018-10-24T18.50.37.472,32.692,-203.049,82.073,-181.280
1540421437511,2018-10-24T18.50.37.511,32.731,-94.268,-68.902,-89.024
1540421437551,2018-10-24T18.50.37.551,32.771,51.220,-119.878,42.500
1540421437591,2018-10-24T18.50.37.591,32.811,100.915,-79.512,65.854
1540421437630,2018-10-24T18.50.37.630,32.850,48.598,-16.890,22.500
1540421437670,2018-10-24T18.50.37.670,32.890,47.012,61.220,26.951
1540421437709,2018-10-24T18.50.37.709,32.929,22.927,-23.476,20.610
1540421437747,2018-10-24T18.50.37.747,32.967,20.793,-6.463,18.598
1540421437787,2018-10-24T18.50.37.787,33.007,23.171,11.280,20.488
1540421437826,2018-10-24T18.50.37.826,33.046,27.988,-27.012,27.195
1540421437866,2018-10-24T18.50.37.866,33.086,36.220,-17.195,29.634
1540421437906,2018-10-24T18.50.37.906,33.126,37.683,-20.183,31.707
1540421437945,2018-10-24T18.50.37.945,33.165,36.585,-25.061,34.634
1540421437985,2018-10-24T18.50.37.985,33.205,42.134,-8.902,39.390
1540421438024,2018-10-24T18.50.38.024,33.244,52.866,-22.744,51.402
1540421438064,2018-10-24T18.50.38.064,33.284,65.915,-17.195,64.451
1540421438102,2018-10-24T18.50.38.102,33.322,78.841,-1.768,74.695
1540421438141,2018-10-24T18.50.38.141,33.361,94.756,0.610,90.610
1540421438181,2018-10-24T18.50.38.181,33.401,115.976,10.488,113.841
1540421438220,2018-10-24T18.50.38.220,33.440,125.854,49.085,110.061
1540421438260,2018-10-24T18.50.38.260,33.480,109.085,38.598,97.988
1540421438300,2018-10-24T18.50.38.300,33.520,58.537,-114.939,69.634
1540421438339,2018-10-24T18.50.38.339,33.559,-2.561,-220.183,-2.256
1540421438379,2018-10-24T18.50.38.379,33.599,-88.963,-109.878,-71.951
1540421438418,2018-10-24T18.50.38.418,33.638,-144.329,98.415,-111.280
1540421438456,2018-10-24T18.50.38.456,33.676,-172.927,200.061,-151.829
1540421438496,2018-10-24T18.50.38.496,33.716,-203.354,73.963,-206.159
1540421438535,2018-10-24T18.50.38.535,33.755,-227.439,-67.866,-216.768
1540421438575,2018-10-24T18.50.38.575,33.795,-205.183,40.793,-189.817
1540421438615,2018-10-24T18.50.38.615,33.835,-97.988,123.841,-137.134
1540421438654,2018-10-24T18.50.38.654,33.874,31.402,73.902,-22.988
1540421438694,2018-10-24T18.50.38.694,33.914,99.451,-23.841,74.329
1540421438733,2018-10-24T18.50.38.733,33.953,56.220,-140.366,63.171
1540421438773,2018-10-24T18.50.38.773,33.993,50.244,-61.768,40.183
1540421438811,2018-10-24T18.50.38.811,34.031,46.159,94.512,14.451
1540421438850,2018-10-24T18.50.38.850,34.070,22.073,4.512,23.659
1540421438890,2018-10-24T18.50.38.890,34.110,8.537,-71.829,20.366
1540421438929,2018-10-24T18.50.38.929,34.149,15.427,42.927,4.878
1540421438969,2018-10-24T18.50.38.969,34.189,13.232,17.866,9.207
1540421439009,2018-10-24T18.50.39.009,34.229,17.683,6.280,15.366
1540421439048,2018-10-24T18.50.39.048,34.268,27.012,29.329,21.951
1540421439088,2018-10-24T18.50.39.088,34.308,42.622,32.439,33.841
1540421439127,2018-10-24T18.50.39.127,34.347,68.354,22.744,50.488
1540421439165,2018-10-24T18.50.39.165,34.385,106.280,-15.732,71.159
1540421439205,2018-10-24T18.50.39.205,34.425,158.354,-7.134,67.439
1540421439244,2018-10-24T18.50.39.244,34.464,204.329,74.085,40.793
1540421439284,2018-10-24T18.50.39.284,34.504,200.854,203.293,2.012
1540421439323,2018-10-24T18.50.39.323,34.543,137.988,237.683,-54.939
1540421439363,2018-10-24T18.50.39.363,34.583,74.207,124.512,-155.915
1540421439403,2018-10-24T18.50.39.403,34.623,-18.598,73.049,-220.915
1540421439442,2018-10-24T18.50.39.442,34.662,-81.890,165.976,-227.012
1540421439482,2018-10-24T18.50.39.482,34.702,-133.902,80.488,-224.268
1540421439521,2018-10-24T18.50.39.521,34.741,-191.402,49.329,-217.134
1540421439559,2018-10-24T18.50.39.559,34.779,-211.585,151.402,-196.098
1540421439599,2018-10-24T18.50.39.599,34.819,-199.695,140.427,-155.854
1540421439638,2018-10-24T18.50.39.638,34.858,-136.951,33.720,-91.463
1540421439678,2018-10-24T18.50.39.678,34.898,-22.439,71.646,-8.720
1540421439718,2018-10-24T18.50.39.718,34.938,72.927,78.841,59.512
1540421439757,2018-10-24T18.50.39.757,34.977,62.073,31.707,47.988
1540421439797,2018-10-24T18.50.39.797,35.017,56.220,-78.963,63.354
1540421439836,2018-10-24T18.50.39.836,35.056,68.780,94.329,46.220
1540421439874,2018-10-24T18.50.39.874,35.094,15.671,-60.122,33.476
1540421439914,2018-10-24T18.50.39.914,35.134,2.378,6.280,21.220
1540421439953,2018-10-24T18.50.39.953,35.173,10.610,69.756,13.232
1540421439993,2018-10-24T18.50.39.993,35.213,6.890,-49.329,23.110
1540421440032,2018-10-24T18.50.40.032,35.252,20.366,23.049,21.951
1540421440072,2018-10-24T18.50.40.072,35.292,30.976,30.122,30.549
1540421440112,2018-10-24T18.50.40.112,35.332,37.012,-8.354,38.598
1540421440151,2018-10-24T18.50.40.151,35.371,50.915,10.854,41.524
1540421440191,2018-10-24T18.50.40.191,35.411,63.415,10.610,49.268
1540421440230,2018-10-24T18.50.40.230,35.450,76.890,0.122,57.683
1540421440268,2018-10-24T18.50.40.268,35.488,95.244,15.122,60.427
1540421440308,2018-10-24T18.50.40.308,35.528,118.720,25.305,72.439
1540421440347,2018-10-24T18.50.40.347,35.567,161.098,11.585,92.317
1540421440387,2018-10-24T18.50.40.387,35.607,193.049,108.232,65.976
1540421440427,2018-10-24T18.50.40.427,35.647,139.756,181.220,28.598
1540421440466,2018-10-24T18.50.40.466,35.686,65.122,46.341,-14.939
1540421440506,2018-10-24T18.50.40.506,35.726,-9.207,-67.439,-103.841
1540421440545,2018-10-24T18.50.40.545,35.765,-77.134,-60.427,-144.939
1540421440583,2018-10-24T18.50.40.583,35.803,-114.146,-27.317,-159.024
1540421440623,2018-10-24T18.50.40.623,35.843,-150.610,78.902,-177.805
1540421440662,2018-10-24T18.50.40.662,35.882,-164.390,91.280,-181.098
1540421440702,2018-10-24T18.50.40.702,35.922,-200.732,-107.927,-175.793
1540421440741,2018-10-24T18.50.40.741,35.961,-237.500,-89.268,-132.744
1540421440781,2018-10-24T18.50.40.781,36.001,-205.549,42.927,-80.915
1540421440821,2018-10-24T18.50.40.821,36.041,-112.927,-30.671,-12.195
1540421440860,2018-10-24T18.50.40.860,36.080,-14.207,-103.293,40.732
1540421440900,2018-10-24T18.50.40.900,36.120,55.366,13.841,54.268
1540421440939,2018-10-24T18.50.40.939,36.159,47.622,117.073,48.598
1540421440977,2018-10-24T18.50.40.977,36.197,-27.927,-4.085,15.122
1540421441017,2018-10-24T18.50.41.017,36.237,-58.476,-19.634,-23.902
1540421441056,2018-10-24T18.50.41.056,36.276,9.085,21.890,19.695
1540421441096,2018-10-24T18.50.41.096,36.316,77.439,-85.122,76.280
1540421441136,2018-10-24T18.50.41.136,36.356,66.585,-48.354,47.378
1540421441175,2018-10-24T18.50.41.175,36.395,44.512,38.232,26.037
1540421441215,2018-10-24T18.50.41.215,36.435,25.915,-50.549,28.293
1540421441254,2018-10-24T18.50.41.254,36.474,24.512,-89.573,25.000
1540421441292,2018-10-24T18.50.41.292,36.512,29.024,36.829,16.646
1540421441332,2018-10-24T18.50.41.332,36.552,22.073,73.354,14.634
1540421441371,2018-10-24T18.50.41.371,36.591,17.622,-13.841,19.268
1540421441411,2018-10-24T18.50.41.411,36.631,24.207,-8.841,16.829
1540421441450,2018-10-24T18.50.41.450,36.670,29.939,28.171,14.573
1540421441490,2018-10-24T18.50.41.490,36.710,38.232,-9.024,26.220
1540421441530,2018-10-24T18.50.41.530,36.750,63.780,19.573,42.744
1540421441569,2018-10-24T18.50.41.569,36.789,88.415,26.829,59.695
1540421441609,2018-10-24T18.50.41.609,36.829,113.354,-13.963,78.598
1540421441648,2018-10-24T18.50.41.648,36.868,153.780,-21.280,96.220
1540421441686,2018-10-24T18.50.41.686,36.906,195.061,41.768,93.963
1540421441726,2018-10-24T18.50.41.726,36.946,180.366,156.159,57.561
1540421441765,2018-10-24T18.50.41.765,36.985,97.439,146.220,-15.000
1540421441805,2018-10-24T18.50.41.805,37.025,2.195,-132.012,-102.256
1540421441844,2018-10-24T18.50.41.844,37.064,-105.000,-223.780,-142.622
1540421441884,2018-10-24T18.50.41.884,37.104,-173.049,160.976,-151.098
1540421441924,2018-10-24T18.50.41.924,37.144,-214.451,225.915,-173.841
1540421441963,2018-10-24T18.50.41.963,37.183,-255.610,-97.256,-163.659
1540421442001,2018-10-24T18.50.42.001,37.221,-244.024,-215.915,-86.098
1540421442041,2018-10-24T18.50.42.041,37.261,-125.976,-78.537,-47.988
1540421442080,2018-10-24T18.50.42.080,37.300,14.756,-9.512,-10.061
1540421442120,2018-10-24T18.50.42.120,37.340,84.756,103.476,17.195
1540421442159,2018-10-24T18.50.42.159,37.379,57.012,32.561,8.963
1540421442199,2018-10-24T18.50.42.199,37.419,38.232,4.146,32.500
1540421442239,2018-10-24T18.50.42.239,37.459,22.256,-60.793,26.951
1540421442278,2018-10-24T18.50.42.278,37.498,13.049,-28.415,26.585
1540421442318,2018-10-24T18.50.42.318,37.538,26.159,116.585,16.220
1540421442357,2018-10-24T18.50.42.357,37.577,26.829,-49.573,35.854
1540421442395,2018-10-24T18.50.42.395,37.615,49.573,-75.793,53.598
1540421442435,2018-10-24T18.50.42.435,37.655,79.695,-32.744,72.744
1540421442474,2018-10-24T18.50.42.474,37.694,99.390,-37.256,92.805
1540421442514,2018-10-24T18.50.42.514,37.734,103.598,45.671,99.329
1540421442553,2018-10-24T18.50.42.553,37.773,70.000,29.329,83.110
1540421442593,2018-10-24T18.50.42.593,37.813,6.707,-43.293,17.805
1540421442633,2018-10-24T18.50.42.633,37.853,-28.841,-52.805,-53.293
1540421442672,2018-10-24T18.50.42.672,37.892,-27.988,37.317,-55.915
1540421442710,2018-10-24T18.50.42.710,37.930,-25.976,125.793,-74.451
1540421442750,2018-10-24T18.50.42.750,37.970,-45.366,-4.634,-76.707
1540421442789,2018-10-24T18.50.42.789,38.009,-54.146,41.280,-65.976
1540421442829,2018-10-24T18.50.42.829,38.049,-95.610,-24.573,-64.146
1540421442868,2018-10-24T18.50.42.868,38.088,-158.963,-67.195,-55.793
1540421442908,2018-10-24T18.50.42.908,38.128,-165.488,27.439,-38.780
1540421442948,2018-10-24T18.50.42.948,38.168,-147.988,14.573,-22.500
1540421442987,2018-10-24T18.50.42.987,38.207,-120.732,-69.390,20.610
1540421443027,2018-10-24T18.50.43.027,38.247,-60.000,-103.049,53.171
1540421443065,2018-10-24T18.50.43.065,38.285,-4.329,-106.220,67.988
1540421443104,2018-10-24T18.50.43.104,38.324,40.000,-83.720,79.085
1540421443144,2018-10-24T18.50.43.144,38.364,58.598,-20.793,40.793
1540421443183,2018-10-24T18.50.43.183,38.403,67.622,176.402,-26.646
1540421443223,2018-10-24T18.50.43.223,38.443,74.817,283.720,-60.549
1540421443262,2018-10-24T18.50.43.262,38.482,76.707,281.280,-59.573
1540421443302,2018-10-24T18.50.43.302,38.522,41.220,183.659,-20.793
1540421443342,2018-10-24T18.50.43.342,38.562,41.402,-217.744,14.268
1540421443381,2018-10-24T18.50.43.381,38.601,104.024,37.622,17.866
1540421443419,2018-10-24T18.50.43.419,38.639,49.695,129.756,-17.561
1540421443459,2018-10-24T18.50.43.459,38.679,0.122,-122.866,7.439
1540421443498,2018-10-24T18.50.43.498,38.718,10.793,-48.293,1.646
1540421443538,2018-10-24T18.50.43.538,38.758,27.500,82.195,-7.012
1540421443577,2018-10-24T18.50.43.577,38.797,28.232,0.610,5.976
1540421443617,2018-10-24T18.50.43.617,38.837,34.512,19.451,10.610
1540421443656,2018-10-24T18.50.43.656,38.876,39.268,47.439,14.329
1540421443696,2018-10-24T18.50.43.696,38.916,39.817,2.073,20.915
1540421443736,2018-10-24T18.50.43.736,38.956,47.500,11.341,22.073
1540421443775,2018-10-24T18.50.43.775,38.995,54.512,29.451,25.183
1540421443813,2018-10-24T18.50.43.813,39.033,55.366,-1.646,30.793
1540421443853,2018-10-24T18.50.43.853,39.073,63.171,27.927,27.622
1540421443892,2018-10-24T18.50.43.892,39.112,73.720,36.098,45.244
1540421443932,2018-10-24T18.50.43.932,39.152,95.305,-17.927,66.768
1540421443971,2018-10-24T18.50.43.971,39.191,130.732,2.622,79.146
1540421444011,2018-10-24T18.50.44.011,39.231,137.073,22.256,82.012
1540421444051,2018-10-24T18.50.44.051,39.271,78.110,81.829,31.646
1540421444090,2018-10-24T18.50.44.090,39.310,0.061,93.720,-16.220
1540421444128,2018-10-24T18.50.44.128,39.348,-64.512,36.951,-66.159
1540421444168,2018-10-24T18.50.44.168,39.388,-95.305,79.756,-60.549
1540421444207,2018-10-24T18.50.44.207,39.427,-125.122,-21.890,-48.110
1540421444247,2018-10-24T18.50.44.247,39.467,-167.561,-274.390,-15.000
1540421444286,2018-10-24T18.50.44.286,39.506,-166.220,-292.134,4.512
1540421444326,2018-10-24T18.50.44.326,39.546,-139.085,-139.695,-28.841
1540421444365,2018-10-24T18.50.44.365,39.585,-130.610,-88.110,-66.220
1540421444405,2018-10-24T18.50.44.405,39.625,-131.280,-55.793,-72.012
1540421444445,2018-10-24T18.50.44.445,39.665,-111.524,28.780,-82.378
1540421444484,2018-10-24T18.50.44.484,39.704,-69.878,128.049,-92.866
1540421444522,2018-10-24T18.50.44.522,39.742,-11.037,225.061,-77.805
1540421444562,2018-10-24T18.50.44.562,39.782,46.585,171.280,-17.073
1540421444601,2018-10-24T18.50.44.601,39.821,65.488,-57.317,58.232
1540421444641,2018-10-24T18.50.44.641,39.861,42.500,-235.549,90.061
1540421444680,2018-10-24T18.50.44.680,39.900,53.659,-17.683,42.683
1540421444720,2018-10-24T18.50.44.720,39.940,32.317,24.573,8.902
1540421444760,2018-10-24T18.50.44.760,39.980,13.415,42.195,4.817
1540421444799,2018-10-24T18.50.44.799,40.019,11.585,6.037,11.037
1540421444837,2018-10-24T18.50.44.837,40.057,15.854,58.537,13.659
1540421444877,2018-10-24T18.50.44.877,40.097,16.341,68.902,19.390
1540421444916,2018-10-24T18.50.44.916,40.136,15.122,24.207,29.268
1540421444956,2018-10-24T18.50.44.956,40.176,19.085,26.037,32.866
1540421444995,2018-10-24T18.50.44.995,40.215,25.671,28.049,33.780
1540421445035,2018-10-24T18.50.45.035,40.255,32.561,-1.768,39.878
1540421445074,2018-10-24T18.50.45.074,40.294,48.476,-15.732,51.220
1540421445114,2018-10-24T18.50.45.114,40.334,78.780,7.073,64.939
1540421445154,2018-10-24T18.50.45.154,40.374,126.524,28.354,63.598
1540421445193,2018-10-24T18.50.45.193,40.413,193.476,125.061,32.073
1540421445231,2018-10-24T18.50.45.231,40.451,199.451,254.146,20.488
1540421445271,2018-10-24T18.50.45.271,40.491,141.341,204.756,-17.805
1540421445310,2018-10-24T18.50.45.310,40.530,33.659,-177.134,-79.390
1540421445350,2018-10-24T18.50.45.350,40.570,-84.634,-239.390,-105.427
1540421445389,2018-10-24T18.50.45.389,40.609,-99.573,298.537,-88.902
1540421445429,2018-10-24T18.50.45.429,40.649,-120.854,28.537,-102.805
1540421445469,2018-10-24T18.50.45.469,40.689,-168.841,-341.951,-88.780
1540421445508,2018-10-24T18.50.45.508,40.728,-173.049,-25.671,-89.756
1540421445548,2018-10-24T18.50.45.548,40.768,-147.683,163.415,-132.073
1540421445586,2018-10-24T18.50.45.586,40.806,-119.512,140.244,-146.159
1540421445625,2018-10-24T18.50.45.625,40.845,-81.829,219.329,-119.146
1540421445665,2018-10-24T18.50.45.665,40.885,-14.573,174.329,-51.646
1540421445704,2018-10-24T18.50.45.704,40.924,54.695,3.902,32.622
1540421445744,2018-10-24T18.50.45.744,40.964,40.061,-131.463,70.488
1540421445783,2018-10-24T18.50.45.783,41.003,27.805,-122.866,69.756
1540421445823,2018-10-24T18.50.45.823,41.043,55.427,84.451,49.756
1540421445863,2018-10-24T18.50.45.863,41.083,21.707,-16.402,39.146
1540421445902,2018-10-24T18.50.45.902,41.122,10.732,-2.073,32.012
1540421445940,2018-10-24T18.50.45.940,41.160,18.598,-0.915,29.207
1540421445980,2018-10-24T18.50.45.980,41.200,26.159,-21.707,31.220
1540421446019,2018-10-24T18.50.46.019,41.239,31.524,9.634,28.415
1540421446059,2018-10-24T18.50.46.059,41.279,34.268,11.280,28.963
1540421446098,2018-10-24T18.50.46.098,41.318,38.963,23.841,31.585
1540421446138,2018-10-24T18.50.46.138,41.358,40.244,4.329,37.134
1540421446177,2018-10-24T18.50.46.177,41.397,45.427,14.817,41.585
1540421446217,2018-10-24T18.50.46.217,41.437,53.780,8.659,49.146
1540421446257,2018-10-24T18.50.46.257,41.477,80.854,41.524,50.976
1540421446295,2018-10-24T18.50.46.295,41.515,118.110,101.646,49.024
1540421446334,2018-10-24T18.50.46.334,41.554,157.683,96.646,46.402
1540421446374,2018-10-24T18.50.46.374,41.594,153.963,180.976,9.512
1540421446413,2018-10-24T18.50.46.413,41.633,100.061,181.585,-23.354
1540421446453,2018-10-24T18.50.46.453,41.673,45.122,-19.207,-70.549
1540421446492,2018-10-24T18.50.46.492,41.712,-15.915,-7.805,-121.890
1540421446532,2018-10-24T18.50.46.532,41.752,-44.146,205.244,-147.378
1540421446572,2018-10-24T18.50.46.572,41.792,-70.122,117.805,-156.768
1540421446611,2018-10-24T18.50.46.611,41.831,-116.768,-88.720,-164.451
1540421446649,2018-10-24T18.50.46.649,41.869,-156.951,-83.415,-151.280
1540421446689,2018-10-24T18.50.46.689,41.909,-164.390,38.720,-138.963
1540421446728,2018-10-24T18.50.46.728,41.948,-146.341,12.866,-123.049
1540421446768,2018-10-24T18.50.46.768,41.988,-91.098,-64.695,-63.780
1540421446807,2018-10-24T18.50.46.807,42.027,2.073,11.707,6.341
1540421446847,2018-10-24T18.50.46.847,42.067,107.195,8.293,70.366
1540421446886,2018-10-24T18.50.46.886,42.106,106.829,-136.463,88.049
1540421446926,2018-10-24T18.50.46.926,42.146,81.098,-1.890,40.671
1540421446966,2018-10-24T18.50.46.966,42.186,48.476,26.585,30.366
1540421447004,2018-10-24T18.50.47.004,42.224,16.463,-15.061,29.878
1540421447043,2018-10-24T18.50.47.043,42.263,17.439,-15.427,25.976
1540421447083,2018-10-24T18.50.47.083,42.303,28.171,13.963,27.012
1540421447122,2018-10-24T18.50.47.122,42.342,40.183,2.683,31.402
1540421447162,2018-10-24T18.50.47.162,42.382,47.256,7.500,31.646
1540421447201,2018-10-24T18.50.47.201,42.421,47.744,10.366,31.402
1540421447241,2018-10-24T18.50.47.241,42.461,55.244,11.707,38.232
1540421447281,2018-10-24T18.50.47.281,42.501,76.280,-10.061,54.634
1540421447320,2018-10-24T18.50.47.320,42.540,114.695,7.683,68.598
1540421447358,2018-10-24T18.50.47.358,42.578,168.232,22.012,83.354
1540421447398,2018-10-24T18.50.47.398,42.618,203.963,84.573,65.366
1540421447437,2018-10-24T18.50.47.437,42.657,171.646,207.256,24.024
1540421447477,2018-10-24T18.50.47.477,42.697,96.402,144.695,-23.293
1540421447516,2018-10-24T18.50.47.516,42.736,13.110,-0.610,-108.293
1540421447556,2018-10-24T18.50.47.556,42.776,-63.902,26.463,-170.000
1540421447595,2018-10-24T18.50.47.595,42.815,-118.537,51.159,-182.073
1540421447635,2018-10-24T18.50.47.635,42.855,-179.512,15.732,-178.659
1540421447675,2018-10-24T18.50.47.675,42.895,-222.866,63.902,-187.195
1540421447713,2018-10-24T18.50.47.713,42.933,-234.634,74.024,-190.671
1540421447752,2018-10-24T18.50.47.752,42.972,-193.659,-21.707,-157.866
1540421447792,2018-10-24T18.50.47.792,43.012,-97.866,-45.488,-76.159
1540421447831,2018-10-24T18.50.47.831,43.051,22.866,-32.988,21.951
1540421447871,2018-10-24T18.50.47.871,43.091,118.963,-44.695,73.171
1540421447910,2018-10-24T18.50.47.910,43.130,106.524,-63.598,86.768
1540421447950,2018-10-24T18.50.47.950,43.170,85.244,6.890,59.390
1540421447990,2018-10-24T18.50.47.990,43.210,49.024,-66.829,32.744
1540421448029,2018-10-24T18.50.48.029,43.249,27.500,66.220,21.524
1540421448067,2018-10-24T18.50.48.067,43.287,21.463,13.293,21.220
1540421448107,2018-10-24T18.50.48.107,43.327,22.256,-10.549,22.134
1540421448146,2018-10-24T18.50.48.146,43.366,29.695,24.573,19.085
1540421448186,2018-10-24T18.50.48.186,43.406,34.634,12.439,25.488
1540421448225,2018-10-24T18.50.48.225,43.445,40.000,-2.622,36.707
1540421448265,2018-10-24T18.50.48.265,43.485,51.280,-17.622,47.683
1540421448304,2018-10-24T18.50.48.304,43.524,70.488,-17.561,58.232
1540421448344,2018-10-24T18.50.48.344,43.564,98.049,-7.927,66.951
1540421448384,2018-10-24T18.50.48.384,43.604,133.049,8.049,77.195
1540421448422,2018-10-24T18.50.48.422,43.642,155.061,69.573,66.768
1540421448461,2018-10-24T18.50.48.461,43.681,120.549,144.329,39.634
1540421448501,2018-10-24T18.50.48.501,43.721,59.146,48.720,7.622
1540421448540,2018-10-24T18.50.48.540,43.760,-6.220,-57.500,-61.829
1540421448580,2018-10-24T18.50.48.580,43.800,-69.634,12.622,-129.878
1540421448619,2018-10-24T18.50.48.619,43.839,-115.366,96.402,-167.073
1540421448659,2018-10-24T18.50.48.659,43.879,-167.195,131.098,-180.610
1540421448698,2018-10-24T18.50.48.698,43.918,-205.854,74.146,-184.634
1540421448738,2018-10-24T18.50.48.738,43.958,-230.427,-73.780,-156.524
1540421448776,2018-10-24T18.50.48.776,43.996,-187.195,-86.707,-102.683
1540421448816,2018-10-24T18.50.48.816,44.036,-85.305,-0.244,-63.537
1540421448855,2018-10-24T18.50.48.855,44.075,14.085,32.622,-6.829
1540421448895,2018-10-24T18.50.48.895,44.115,81.829,49.817,31.890
1540421448934,2018-10-24T18.50.48.934,44.154,75.366,-71.890,50.610
1540421448974,2018-10-24T18.50.48.974,44.194,64.085,6.707,55.610
1540421449013,2018-10-24T18.50.49.013,44.233,40.305,-53.659,24.878
1540421449053,2018-10-24T18.50.49.053,44.273,22.866,35.732,16.707
1540421449093,2018-10-24T18.50.49.093,44.313,18.171,26.890,15.732
1540421449131,2018-10-24T18.50.49.131,44.351,16.768,-22.012,18.659
1540421449170,2018-10-24T18.50.49.170,44.390,23.171,19.634,16.402
1540421449210,2018-10-24T18.50.49.210,44.430,30.000,-7.622,23.049
1540421449249,2018-10-24T18.50.49.249,44.469,44.695,-11.768,32.134
1540421449289,2018-10-24T18.50.49.289,44.509,67.012,-12.622,43.598
1540421449328,2018-10-24T18.50.49.328,44.548,97.866,-16.829,58.598
1540421449368,2018-10-24T18.50.49.368,44.588,123.171,-28.171,69.268
1540421449407,2018-10-24T18.50.49.407,44.627,130.793,31.890,63.354
1540421449447,2018-10-24T18.50.49.447,44.667,103.171,63.963,50.915
1540421449485,2018-10-24T18.50.49.485,44.705,43.902,35.854,45.366
1540421449525,2018-10-24T18.50.49.525,44.745,-33.598,-79.207,29.573
1540421449564,2018-10-24T18.50.49.564,44.784,-117.317,-150.671,-9.634
1540421449604,2018-10-24T18.50.49.604,44.824,-159.390,-79.268,-10.976
1540421449643,2018-10-24T18.50.49.643,44.863,-174.207,2.317,-18.049
1540421449683,2018-10-24T18.50.49.683,44.903,-180.061,-29.451,-39.085
1540421449722,2018-10-24T18.50.49.722,44.942,-172.134,-109.146,-35.427
1540421449762,2018-10-24T18.50.49.762,44.982,-78.049,-20.976,-21.159
1540421449802,2018-10-24T18.50.49.802,45.022,61.341,130.732,4.451
1540421449840,2018-10-24T18.50.49.840,45.060,2.744,-5.122,-16.951
1540421449879,2018-10-24T18.50.49.879,45.099,7.561,-47.744,-0.305
1540421449919,2018-10-24T18.50.49.919,45.139,5.732,9.085,-15.488
1540421449958,2018-10-24T18.50.49.958,45.178,-1.951,-1.524,-12.073
1540421449998,2018-10-24T18.50.49.998,45.218,-5.793,-69.024,-3.598
1540421450037,2018-10-24T18.50.50.037,45.257,4.573,12.317,-6.829
1540421450077,2018-10-24T18.50.50.077,45.297,10.915,-15.915,-0.732
1540421450116,2018-10-24T18.50.50.116,45.336,14.329,-34.329,5.732
1540421450156,2018-10-24T18.50.50.156,45.376,16.707,28.841,1.829
1540421450194,2018-10-24T18.50.50.194,45.414,7.012,7.073,1.159
1540421450234,2018-10-24T18.50.50.234,45.454,-3.598,-2.744,-0.854
1540421450273,2018-10-24T18.50.50.273,45.493,-10.732,9.085,-4.817
1540421450313,2018-10-24T18.50.50.313,45.533,-16.829,15.488,-7.744
1540421450352,2018-10-24T18.50.50.352,45.572,-18.171,10.122,-9.512
1540421450392,2018-10-24T18.50.50.392,45.612,-18.110,-4.878,-10.366
1540421450431,2018-10-24T18.50.50.431,45.651,-17.866,-10.061,-11.037
1540421450471,2018-10-24T18.50.50.471,45.691,-17.134,-14.390,-9.573
1540421450511,2018-10-24T18.50.50.511,45.731,-13.293,-13.659,-7.134
1540421450549,2018-10-24T18.50.50.549,45.769,-8.720,-7.988,-5.122
1540421450588,2018-10-24T18.50.50.588,45.808,-4.878,-3.476,-3.354
1540421450628,2018-10-24T18.50.50.628,45.848,-2.317,2.195,-2.134
1540421450667,2018-10-24T18.50.50.667,45.887,-0.427,8.659,-2.439
1540421450707,2018-10-24T18.50.50.707,45.927,-1.585,-2.439,-2.744
1540421450746,2018-10-24T18.50.50.746,45.966,-2.317,-8.415,-2.683
1540421450786,2018-10-24T18.50.50.786,46.006,-2.561,-9.146,-2.622
1540421450825,2018-10-24T18.50.50.825,46.045,-3.232,-6.829,-1.585
1540421450865,2018-10-24T18.50.50.865,46.085,-2.561,-1.951,-1.037
1540421450903,2018-10-24T18.50.50.903,46.123,-2.195,0.061,-0.976
1540421450943,2018-10-24T18.50.50.943,46.163,-1.890,1.402,-0.488
1540421450982,2018-10-24T18.50.50.982,46.202,-0.610,-1.585,0.610
1540421451022,2018-10-24T18.50.51.022,46.242,0.610,-1.341,1.341
1540421451061,2018-10-24T18.50.51.061,46.281,0.366,-0.427,1.402
1540421451101,2018-10-24T18.50.51.101,46.321,-0.610,0.610,0.793
1540421451140,2018-10-24T18.50.51.140,46.360,-1.159,-3.171,0.305
1540421451180,2018-10-24T18.50.51.180,46.400,-1.037,-7.073,0.305
1540421451219,2018-10-24T18.50.51.219,46.439,-0.427,-1.768,0.427
1540421451258,2018-10-24T18.50.51.258,46.478,-0.244,1.768,0.976
1540421451297,2018-10-24T18.50.51.297,46.517,1.037,2.561,1.524
1540421451337,2018-10-24T18.50.51.337,46.557,1.768,-1.829,2.012
1540421451376,2018-10-24T18.50.51.376,46.596,1.585,-0.488,1.524
1540421451416,2018-10-24T18.50.51.416,46.636,1.280,1.829,0.854
1540421451455,2018-10-24T18.50.51.455,46.675,0.305,-2.317,0.915
1540421451495,2018-10-24T18.50.51.495,46.715,-0.549,-1.768,0.366
1540421451534,2018-10-24T18.50.51.534,46.754,-2.256,-1.890,0.000
1540421451574,2018-10-24T18.50.51.574,46.794,-3.598,0.061,-0.549
1540421451612,2018-10-24T18.50.51.612,46.832,-4.451,0.061,-0.915
1540421451652,2018-10-24T18.50.51.652,46.872,-4.390,4.939,-1.220
1540421451691,2018-10-24T18.50.51.691,46.911,-3.841,9.451,-0.854
1540421451731,2018-10-24T18.50.51.731,46.951,-4.085,19.146,-0.061
1540421451770,2018-10-24T18.50.51.770,46.990,-2.805,27.195,0.000
1540421451810,2018-10-24T18.50.51.810,47.030,-2.134,16.951,1.220
1540421451849,2018-10-24T18.50.51.849,47.069,-2.012,10.488,0.793
1540421451889,2018-10-24T18.50.51.889,47.109,-1.829,7.561,1.159
1540421451928,2018-10-24T18.50.51.928,47.148,-0.671,11.646,1.098
1540421451967,2018-10-24T18.50.51.967,47.187,0.122,5.671,1.280
1540421452006,2018-10-24T18.50.52.006,47.226,1.585,-0.549,1.280
1540421452046,2018-10-24T18.50.52.046,47.266,2.195,-9.390,1.829
1540421452085,2018-10-24T18.50.52.085,47.305,2.744,8.232,1.829
1540421452125,2018-10-24T18.50.52.125,47.345,3.780,10.915,2.195
1540421452164,2018-10-24T18.50.52.164,47.384,3.415,-3.537,3.171
1540421452204,2018-10-24T18.50.52.204,47.424,3.902,3.841,2.317
1540421452243,2018-10-24T18.50.52.243,47.463,2.683,-2.134,2.805
1540421452283,2018-10-24T18.50.52.283,47.503,1.341,2.317,2.317
1540421452321,2018-10-24T18.50.52.321,47.541,0.671,7.500,1.280
1540421452361,2018-10-24T18.50.52.361,47.581,-0.732,1.890,1.341
1540421452400,2018-10-24T18.50.52.400,47.620,-0.793,7.500,0.305
1540421452440,2018-10-24T18.50.52.440,47.660,-0.427,5.061,0.000
1540421452479,2018-10-24T18.50.52.479,47.699,0.488,2.622,-0.183
1540421452519,2018-10-24T18.50.52.519,47.739,1.159,3.232,-0.427
1540421452558,2018-10-24T18.50.52.558,47.778,2.683,4.146,0.183
1540421452598,2018-10-24T18.50.52.598,47.818,3.902,2.073,0.915
1540421452636,2018-10-24T18.50.52.636,47.856,5.122,9.268,1.037
1540421452676,2018-10-24T18.50.52.676,47.896,5.549,15.488,0.732
1540421452715,2018-10-24T18.50.52.715,47.935,3.476,11.402,0.915
1540421452755,2018-10-24T18.50.52.755,47.975,1.951,11.037,1.098
1540421452794,2018-10-24T18.50.52.794,48.014,0.244,10.122,1.646
1540421452834,2018-10-24T18.50.52.834,48.054,-0.549,11.890,1.402
1540421452873,2018-10-24T18.50.52.873,48.093,-0.854,8.537,1.707
1540421452913,2018-10-24T18.50.52.913,48.133,-1.463,8.598,0.915
1540421452952,2018-10-24T18.50.52.952,48.172,-1.646,10.915,-0.305
1540421452992,2018-10-24T18.50.52.992,48.212,-1.524,6.829,0.061
1540421453030,2018-10-24T18.50.53.030,48.250,-0.915,7.683,0.244
1540421453070,2018-10-24T18.50.53.070,48.290,-0.610,7.744,0.488
1540421453109,2018-10-24T18.50.53.109,48.329,0.061,10.000,0.793
1540421453149,2018-10-24T18.50.53.149,48.369,0.122,4.451,1.463
1540421453188,2018-10-24T18.50.53.188,48.408,-0.488,3.780,1.768
1540421453228,2018-10-24T18.50.53.228,48.448,-0.244,11.585,0.549
1540421453267,2018-10-24T18.50.53.267,48.487,-1.890,5.061,0.488
1540421453307,2018-10-24T18.50.53.307,48.527,-2.622,8.110,-0.305
1540421453345,2018-10-24T18.50.53.345,48.565,-1.890,10.427,-1.220
1540421453385,2018-10-24T18.50.53.385,48.605,-1.707,-0.427,-0.976
1540421453424,2018-10-24T18.50.53.424,48.644,-1.037,-3.598,-0.610
1540421453464,2018-10-24T18.50.53.464,48.684,0.244,-1.402,0.549
1540421453503,2018-10-24T18.50.53.503,48.723,1.707,1.220,1.280
1540421453543,2018-10-24T18.50.53.543,48.763,1.159,0.061,0.793
1540421453582,2018-10-24T18.50.53.582,48.802,0.427,0.061,0.122
1540421453622,2018-10-24T18.50.53.622,48.842,-0.732,-1.463,0.122
1540421453661,2018-10-24T18.50.53.661,48.881,-1.098,4.207,-0.183
1540421453701,2018-10-24T18.50.53.701,48.921,-0.976,3.963,-0.122
1540421453739,2018-10-24T18.50.53.739,48.959,-0.854,0.671,0.488
1540421453779,2018-10-24T18.50.53.779,48.999,-0.427,3.049,0.427
1540421453818,2018-10-24T18.50.53.818,49.038,-0.366,1.707,0.244
1540421453858,2018-10-24T18.50.53.858,49.078,-0.549,1.220,0.488
1540421453897,2018-10-24T18.50.53.897,49.117,-0.488,4.146,0.366
1540421453937,2018-10-24T18.50.53.937,49.157,-0.732,2.744,0.183
1540421453976,2018-10-24T18.50.53.976,49.196,-2.073,1.159,0.183
1540421454016,2018-10-24T18.50.54.016,49.236,-2.134,4.573,-0.305
1540421454054,2018-10-24T18.50.54.054,49.274,-1.890,1.524,0.305
1540421454094,2018-10-24T18.50.54.094,49.314,-0.488,2.744,0.183
1540421454133,2018-10-24T18.50.54.133,49.353,0.000,2.317,0.366
1540421454173,2018-10-24T18.50.54.173,49.393,0.183,5.366,-0.061
1540421454212,2018-10-24T18.50.54.212,49.432,-0.488,0.732,-0.122
1540421454252,2018-10-24T18.50.54.252,49.472,-1.707,-1.463,-0.549
1540421454291,2018-10-24T18.50.54.291,49.511,-2.439,3.720,-1.402
1540421454331,2018-10-24T18.50.54.331,49.551,-3.110,3.659,-1.829
1540421454370,2018-10-24T18.50.54.370,49.590,-3.415,2.988,-2.073
1540421454408,2018-10-24T18.50.54.408,49.628,-3.537,1.951,-2.378
1540421454448,2018-10-24T18.50.54.448,49.668,-3.415,2.073,-2.683
1540421454488,2018-10-24T18.50.54.488,49.708,-3.293,0.061,-2.073
1540421454527,2018-10-24T18.50.54.527,49.747,-2.317,2.683,-1.707
1540421454567,2018-10-24T18.50.54.567,49.787,-1.098,3.171,-1.159
1540421454606,2018-10-24T18.50.54.606,49.826,-1.037,-5.244,-0.122
1540421454646,2018-10-24T18.50.54.646,49.866,-0.915,0.610,-0.366
1540421454685,2018-10-24T18.50.54.685,49.905,-0.854,2.195,-0.366
1540421454725,2018-10-24T18.50.54.725,49.945,-1.585,-3.171,0.000
1540421454763,2018-10-24T18.50.54.763,49.983,-1.280,3.110,-0.122
1540421454802,2018-10-24T18.50.54.802,50.022,-1.037,-1.220,0.488
1540421454842,2018-10-24T18.50.54.842,50.062,-0.732,-3.963,0.305
1540421454882,2018-10-24T18.50.54.882,50.102,-1.280,5.549,-1.220
1540421454921,2018-10-24T18.50.54.921,50.141,-4.207,1.524,-2.256
1540421454961,2018-10-24T18.50.54.961,50.181,-6.220,7.012,-3.537
1540421455000,2018-10-24T18.50.55.000,50.220,-6.098,7.134,-3.293
1540421455040,2018-10-24T18.50.55.040,50.260,-4.024,1.707,-1.463
1540421455079,2018-10-24T18.50.55.079,50.299,-0.915,4.695,0.183
1540421455117,2018-10-24T18.50.55.117,50.337,0.793,0.915,1.280
1540421455157,2018-10-24T18.50.55.157,50.377,1.098,-2.622,1.768
1540421455197,2018-10-24T18.50.55.197,50.417,1.280,2.561,1.220
1540421455236,2018-10-24T18.50.55.236,50.456,0.549,0.244,1.037
1540421455276,2018-10-24T18.50.55.276,50.496,-0.122,2.439,0.183
1540421455315,2018-10-24T18.50.55.315,50.535,-0.183,1.829,0.000
1540421455355,2018-10-24T18.50.55.355,50.575,0.244,0.732,0.183
1540421455394,2018-10-24T18.50.55.394,50.614,0.549,-0.366,0.244
1540421455434,2018-10-24T18.50.55.434,50.654,0.488,-2.988,0.183
1540421455472,2018-10-24T18.50.55.472,50.692,0.122,-1.098,-0.366
1540421455511,2018-10-24T18.50.55.511,50.731,-0.915,-1.341,-0.549
1540421455551,2018-10-24T18.50.55.551,50.771,-1.280,0.732,-0.854
1540421455591,2018-10-24T18.50.55.591,50.811,-1.280,0.854,-0.854
1540421455630,2018-10-24T18.50.55.630,50.850,-0.671,-0.854,-0.061
1540421455670,2018-10-24T18.50.55.670,50.890,0.488,0.122,0.549
1540421455709,2018-10-24T18.50.55.709,50.929,0.793,-1.402,0.732
1540421455749,2018-10-24T18.50.55.749,50.969,0.183,-1.768,0.549
1540421455788,2018-10-24T18.50.55.788,51.008,0.122,1.402,0.244
1540421455826,2018-10-24T18.50.55.826,51.046,0.061,-1.341,0.610
1540421455866,2018-10-24T18.50.55.866,51.086,0.732,1.220,0.549
1540421455906,2018-10-24T18.50.55.906,51.126,1.159,-0.854,1.037
1540421455945,2018-10-24T18.50.55.945,51.165,1.524,-3.598,1.402
1540421455985,2018-10-24T18.50.55.985,51.205,1.890,1.037,1.037
1540421456024,2018-10-24T18.50.56.024,51.244,1.037,-1.768,0.915
1540421456064,2018-10-24T18.50.56.064,51.284,0.610,-1.402,0.732
1540421456103,2018-10-24T18.50.56.103,51.323,0.549,2.012,0.488
1540421456143,2018-10-24T18.50.56.143,51.363,0.000,-0.183,0.549
1540421456181,2018-10-24T18.50.56.181,51.401,-0.671,0.732,0.061
1540421456220,2018-10-24T18.50.56.220,51.440,-0.793,1.890,-0.305
1540421456260,2018-10-24T18.50.56.260,51.480,-1.402,-1.220,-0.183
1540421456300,2018-10-24T18.50.56.300,51.520,-1.159,1.585,-0.549
1540421456339,2018-10-24T18.50.56.339,51.559,-1.098,0.671,-0.427
1540421456379,2018-10-24T18.50.56.379,51.599,-1.463,-0.671,-0.366
1540421456418,2018-10-24T18.50.56.418,51.638,-1.829,1.159,-0.854
1540421456458,2018-10-24T18.50.56.458,51.678,-2.134,-0.061,-1.220
1540421456497,2018-10-24T18.50.56.497,51.717,-2.012,-3.232,-1.037
1540421456535,2018-10-24T18.50.56.535,51.755,-1.951,-2.378,-1.098
1540421456575,2018-10-24T18.50.56.575,51.795,-1.951,0.427,-1.402
1540421456615,2018-10-24T18.50.56.615,51.835,-2.073,-2.195,-1.098
1540421456654,2018-10-24T18.50.56.654,51.874,-1.402,-1.280,-0.732
1540421456694,2018-10-24T18.50.56.694,51.914,-0.427,-0.610,-0.305
1540421456733,2018-10-24T18.50.56.733,51.953,-0.366,-3.963,0.427
1540421456773,2018-10-24T18.50.56.773,51.993,0.427,-0.244,0.488
1540421456812,2018-10-24T18.50.56.812,52.032,1.098,0.244,0.671
1540421456852,2018-10-24T18.50.56.852,52.072,0.976,-1.707,1.159
1540421456890,2018-10-24T18.50.56.890,52.110,0.732,0.427,0.976
1540421456929,2018-10-24T18.50.56.929,52.149,-0.061,-0.549,0.244
1540421456969,2018-10-24T18.50.56.969,52.189,-1.098,-8.232,-0.610
1540421457009,2018-10-24T18.50.57.009,52.229,-2.805,-7.805,-1.098
1540421457048,2018-10-24T18.50.57.048,52.268,-1.585,2.622,-2.134
1540421457088,2018-10-24T18.50.57.088,52.308,-0.854,-12.317,-1.280
1540421457127,2018-10-24T18.50.57.127,52.347,-1.220,-15.549,-0.305
1540421457167,2018-10-24T18.50.57.167,52.387,0.793,0.244,-1.037
1540421457206,2018-10-24T18.50.57.206,52.426,2.317,-11.280,-0.427
1540421457244,2018-10-24T18.50.57.244,52.464,2.134,-33.049,1.037
1540421457284,2018-10-24T18.50.57.284,52.504,1.951,-11.402,1.098
1540421457323,2018-10-24T18.50.57.323,52.543,3.720,-1.463,-0.244
1540421457363,2018-10-24T18.50.57.363,52.583,4.573,-30.305,2.073
1540421457403,2018-10-24T18.50.57.403,52.623,7.561,-48.963,3.110
1540421457442,2018-10-24T18.50.57.442,52.662,6.646,-46.402,4.817
1540421457482,2018-10-24T18.50.57.482,52.702,10.671,-4.634,4.878
1540421457521,2018-10-24T18.50.57.521,52.741,12.195,-29.207,5.915
1540421457561,2018-10-24T18.50.57.561,52.781,9.512,-39.756,7.439
1540421457599,2018-10-24T18.50.57.599,52.819,9.329,13.171,2.744
1540421457638,2018-10-24T18.50.57.638,52.858,3.293,-8.780,1.951
1540421457678,2018-10-24T18.50.57.678,52.898,-1.098,-22.622,0.854
1540421457718,2018-10-24T18.50.57.718,52.938,-3.110,-9.329,-1.707
1540421457757,2018-10-24T18.50.57.757,52.977,-4.573,-9.939,-2.622
1540421457797,2018-10-24T18.50.57.797,53.017,-4.268,-17.561,-1.951
1540421457836,2018-10-24T18.50.57.836,53.056,-0.976,-15.732,-0.854
1540421457876,2018-10-24T18.50.57.876,53.096,2.683,-12.927,1.220