epoc (ms),timestamp (-0400),elapsed (s),x-axis (g),y-axis (g),z-axis (g)
1540421405017,2018-10-24T18.50.05.017,0.000,0.149,1.000,-0.051
1540421405096,2018-10-24T18.50.05.096,0.079,0.146,1.009,-0.043
1540421405174,2018-10-24T18.50.05.174,0.157,0.146,1.007,-0.034
1540421405253,2018-10-24T18.50.05.253,0.236,0.149,1.007,-0.034
1540421405332,2018-10-24T18.50.05.332,0.315,0.152,1.007,-0.039
1540421405411,2018-10-24T18.50.05.411,0.394,0.152,1.006,-0.040
1540421405489,2018-10-24T18.50.05.489,0.472,0.154,1.008,-0.041
1540421405568,2018-10-24T18.50.05.568,0.551,0.150,1.007,-0.042
1540421405647,2018-10-24T18.50.05.647,0.630,0.144,1.007,-0.035
1540421405726,2018-10-24T18.50.05.726,0.709,0.146,1.007,-0.036
1540421405805,2018-10-24T18.50.05.805,0.788,0.150,1.006,-0.043
1540421405883,2018-10-24T18.50.05.883,0.866,0.154,1.007,-0.051
1540421405962,2018-10-24T18.50.05.962,0.945,0.155,1.007,-0.050
1540421406041,2018-10-24T18.50.06.041,1.024,0.151,1.006,-0.047
1540421406120,2018-10-24T18.50.06.120,1.103,0.146,1.006,-0.049
1540421406198,2018-10-24T18.50.06.198,1.181,0.143,1.007,-0.050
1540421406277,2018-10-24T18.50.06.277,1.260,0.145,1.006,-0.061
1540421406356,2018-10-24T18.50.06.356,1.339,0.161,1.006,-0.070
1540421406435,2018-10-24T18.50.06.435,1.418,0.158,1.007,-0.081
1540421406514,2018-10-24T18.50.06.514,1.497,0.151,1.007,-0.076
1540421406592,2018-10-24T18.50.06.592,1.575,0.155,1.004,-0.077
1540421406671,2018-10-24T18.50.06.671,1.654,0.154,1.005,-0.074
1540421406750,2018-10-24T18.50.06.750,1.733,0.150,1.005,-0.073
1540421406829,2018-10-24T18.50.06.829,1.812,0.150,1.005,-0.070
1540421406906,2018-10-24T18.50.06.906,1.889,0.149,1.005,-0.070
1540421406986,2018-10-24T18.50.06.986,1.969,0.147,1.005,-0.069
1540421407065,2018-10-24T18.50.07.065,2.048,0.146,1.005,-0.072
1540421407144,2018-10-24T18.50.07.144,2.127,0.147,1.006,-0.074
1540421407223,2018-10-24T18.50.07.223,2.206,0.150,1.006,-0.075
1540421407301,2018-10-24T18.50.07.301,2.284,0.152,1.006,-0.076
1540421407380,2018-10-24T18.50.07.380,2.363,0.150,1.006,-0.073
1540421407459,2018-10-24T18.50.07.459,2.442,0.146,1.005,-0.069
1540421407538,2018-10-24T18.50.07.538,2.521,0.152,1.005,-0.071
1540421407617,2018-10-24T18.50.07.617,2.600,0.156,1.005,-0.074
1540421407695,2018-10-24T18.50.07.695,2.678,0.158,1.006,-0.076
1540421407774,2018-10-24T18.50.07.774,2.757,0.146,1.008,-0.074
1540421407853,2018-10-24T18.50.07.853,2.836,0.138,1.011,-0.063
1540421407932,2018-10-24T18.50.07.932,2.915,0.135,1.009,-0.060
1540421408010,2018-10-24T18.50.08.010,2.993,0.137,1.010,-0.063
1540421408089,2018-10-24T18.50.08.089,3.072,0.129,1.010,-0.056
1540421408168,2018-10-24T18.50.08.168,3.151,0.119,1.009,-0.042
1540421408247,2018-10-24T18.50.08.247,3.230,0.120,1.011,-0.042
1540421408326,2018-10-24T18.50.08.326,3.309,0.125,1.011,-0.052
1540421408404,2018-10-24T18.50.08.404,3.387,0.129,1.010,-0.057
1540421408483,2018-10-24T18.50.08.483,3.466,0.129,1.013,-0.058
1540421408562,2018-10-24T18.50.08.562,3.545,0.127,1.012,-0.054
1540421408641,2018-10-24T18.50.08.641,3.624,0.125,1.010,-0.055
1540421408719,2018-10-24T18.50.08.719,3.702,0.127,1.010,-0.059
1540421408798,2018-10-24T18.50.08.798,3.781,0.131,1.011,-0.064
1540421408877,2018-10-24T18.50.08.877,3.860,0.135,1.011,-0.066
1540421408956,2018-10-24T18.50.08.956,3.939,0.134,1.010,-0.064
1540421409035,2018-10-24T18.50.09.035,4.018,0.132,1.011,-0.062
1540421409113,2018-10-24T18.50.09.113,4.096,0.130,1.010,-0.058
1540421409192,2018-10-24T18.50.09.192,4.175,0.130,1.010,-0.059
1540421409271,2018-10-24T18.50.09.271,4.254,0.132,1.010,-0.061
1540421409350,2018-10-24T18.50.09.350,4.333,0.134,1.010,-0.062
1540421409429,2018-10-24T18.50.09.429,4.412,0.134,1.010,-0.066
1540421409507,2018-10-24T18.50.09.507,4.490,0.130,1.011,-0.063
1540421409586,2018-10-24T18.50.09.586,4.569,0.136,1.010,-0.058
1540421409665,2018-10-24T18.50.09.665,4.648,0.140,1.012,-0.077
1540421409744,2018-10-24T18.50.09.744,4.727,0.111,1.013,-0.066
1540421409822,2018-10-24T18.50.09.822,4.805,0.121,1.012,-0.040
1540421409901,2018-10-24T18.50.09.901,4.884,0.122,1.011,-0.047
1540421409980,2018-10-24T18.50.09.980,4.963,0.118,1.011,-0.038
1540421410059,2018-10-24T18.50.10.059,5.042,0.114,1.012,-0.037
1540421410138,2018-10-24T18.50.10.138,5.121,0.114,1.011,-0.043
1540421410216,2018-10-24T18.50.10.216,5.199,0.121,1.011,-0.057
1540421410295,2018-10-24T18.50.10.295,5.278,0.129,1.011,-0.066
1540421410374,2018-10-24T18.50.10.374,5.357,0.141,1.009,-0.083
1540421410453,2018-10-24T18.50.10.453,5.436,0.146,1.010,-0.081
1540421410531,2018-10-24T18.50.10.531,5.514,0.133,1.009,-0.073
1540421410610,2018-10-24T18.50.10.610,5.593,0.126,1.009,-0.070
1540421410689,2018-10-24T18.50.10.689,5.672,0.128,1.011,-0.069
1540421410768,2018-10-24T18.50.10.768,5.751,0.120,1.012,-0.077
1540421410847,2018-10-24T18.50.10.847,5.830,0.110,1.012,-0.074
1540421410925,2018-10-24T18.50.10.925,5.908,0.109,1.012,-0.073
1540421411004,2018-10-24T18.50.11.004,5.987,0.115,1.013,-0.071
1540421411083,2018-10-24T18.50.11.083,6.066,0.115,1.011,-0.072
1540421411162,2018-10-24T18.50.11.162,6.145,0.116,1.013,-0.065
1540421411240,2018-10-24T18.50.11.240,6.223,0.110,1.014,-0.063
1540421411319,2018-10-24T18.50.11.319,6.302,0.107,1.013,-0.057
1540421411398,2018-10-24T18.50.11.398,6.381,0.106,1.015,-0.054
1540421411477,2018-10-24T18.50.11.477,6.460,0.104,1.015,-0.059
1540421411556,2018-10-24T18.50.11.556,6.539,0.104,1.015,-0.058
1540421411634,2018-10-24T18.50.11.634,6.617,0.102,1.015,-0.059
1540421411713,2018-10-24T18.50.11.713,6.696,0.108,1.016,-0.055
1540421411792,2018-10-24T18.50.11.792,6.775,0.103,1.015,-0.049
1540421411871,2018-10-24T18.50.11.871,6.854,0.096,1.016,-0.051
1540421411948,2018-10-24T18.50.11.948,6.931,0.093,1.015,-0.042
1540421412028,2018-10-24T18.50.12.028,7.011,0.094,1.015,-0.042
1540421412107,2018-10-24T18.50.12.107,7.090,0.096,1.017,-0.061
1540421412186,2018-10-24T18.50.12.186,7.169,0.105,1.019,-0.065
1540421412265,2018-10-24T18.50.12.265,7.248,0.105,1.015,-0.042
1540421412343,2018-10-24T18.50.12.343,7.326,0.095,1.014,-0.042
1540421412422,2018-10-24T18.50.12.422,7.405,0.098,1.015,-0.048
1540421412501,2018-10-24T18.50.12.501,7.484,0.102,1.016,-0.052
1540421412580,2018-10-24T18.50.12.580,7.563,0.104,1.015,-0.062
1540421412657,2018-10-24T18.50.12.657,7.640,0.109,1.015,-0.053
1540421412737,2018-10-24T18.50.12.737,7.720,0.124,1.019,-0.076
1540421412816,2018-10-24T18.50.12.816,7.799,0.120,1.022,-0.160
1540421412895,2018-10-24T18.50.12.895,7.878,-0.014,1.016,-0.041
1540421412974,2018-10-24T18.50.12.974,7.957,-0.074,0.991,0.204
1540421413052,2018-10-24T18.50.13.052,8.035,-0.062,1.001,0.226
1540421413131,2018-10-24T18.50.13.131,8.114,0.307,1.177,-0.212
1540421413210,2018-10-24T18.50.13.210,8.193,0.244,1.101,-0.161
1540421413289,2018-10-24T18.50.13.289,8.272,0.086,1.032,-0.019
1540421413366,2018-10-24T18.50.13.366,8.349,0.451,0.948,0.040
1540421413446,2018-10-24T18.50.13.446,8.429,0.018,1.016,-0.021
1540421413525,2018-10-24T18.50.13.525,8.508,0.049,0.887,-0.051
1540421413604,2018-10-24T18.50.13.604,8.587,0.075,0.783,-0.138
1540421413681,2018-10-24T18.50.13.681,8.664,-0.147,1.230,0.041
1540421413761,2018-10-24T18.50.13.761,8.744,0.258,1.101,-0.251
1540421413840,2018-10-24T18.50.13.840,8.823,0.121,1.039,-0.250
1540421413919,2018-10-24T18.50.13.919,8.902,-0.133,1.020,-0.023
1540421413998,2018-10-24T18.50.13.998,8.981,-0.061,0.994,-0.022
1540421414075,2018-10-24T18.50.14.075,9.058,-0.013,0.998,-0.111
1540421414155,2018-10-24T18.50.14.155,9.138,-0.101,0.995,-0.045
1540421414234,2018-10-24T18.50.14.234,9.217,-0.154,0.979,-0.107
1540421414313,2018-10-24T18.50.14.313,9.296,0.256,1.415,-0.235
1540421414390,2018-10-24T18.50.14.390,9.373,0.220,1.594,-0.000
1540421414469,2018-10-24T18.50.14.469,9.452,-0.067,1.026,-0.261
1540421414549,2018-10-24T18.50.14.549,9.532,0.188,0.721,-0.385
1540421414628,2018-10-24T18.50.14.628,9.611,0.167,0.867,-0.536
1540421414707,2018-10-24T18.50.14.707,9.690,0.340,0.963,-0.585
1540421414784,2018-10-24T18.50.14.784,9.767,0.312,0.869,-0.578
1540421414864,2018-10-24T18.50.14.864,9.847,0.198,1.151,-0.429
1540421414943,2018-10-24T18.50.14.943,9.926,0.429,1.162,-0.348
1540421415022,2018-10-24T18.50.15.022,10.005,-0.022,0.987,-0.307
1540421415099,2018-10-24T18.50.15.099,10.082,-0.104,0.987,0.060
1540421415178,2018-10-24T18.50.15.178,10.161,-0.090,1.015,-0.083
1540421415258,2018-10-24T18.50.15.258,10.241,0.009,1.112,-0.235
1540421415337,2018-10-24T18.50.15.337,10.320,0.013,1.211,-0.077
1540421415416,2018-10-24T18.50.15.416,10.399,0.095,1.535,0.066
1540421415493,2018-10-24T18.50.15.493,10.476,0.042,1.065,-0.498
1540421415573,2018-10-24T18.50.15.573,10.556,0.077,0.736,-0.387
1540421415652,2018-10-24T18.50.15.652,10.635,0.332,0.902,-0.405
1540421415731,2018-10-24T18.50.15.731,10.714,0.241,1.095,-0.542
1540421415808,2018-10-24T18.50.15.808,10.791,0.526,0.871,-0.613
1540421415887,2018-10-24T18.50.15.887,10.870,0.207,0.768,-0.650
1540421415967,2018-10-24T18.50.15.967,10.950,0.468,1.262,-0.294
1540421416046,2018-10-24T18.50.16.046,11.029,0.148,1.005,-0.542
1540421416125,2018-10-24T18.50.16.125,11.108,-0.107,1.006,-0.240
1540421416202,2018-10-24T18.50.16.202,11.185,-0.093,0.999,-0.274
1540421416281,2018-10-24T18.50.16.281,11.264,-0.069,1.056,-0.210
1540421416361,2018-10-24T18.50.16.361,11.344,-0.049,1.095,-0.153
1540421416440,2018-10-24T18.50.16.440,11.423,0.087,1.380,-0.104
1540421416517,2018-10-24T18.50.16.517,11.500,-0.078,1.401,-0.475
1540421416596,2018-10-24T18.50.16.596,11.579,0.401,0.772,-0.347
1540421416676,2018-10-24T18.50.16.676,11.659,0.443,0.947,-0.316
1540421416755,2018-10-24T18.50.16.755,11.738,0.453,1.020,-0.448
1540421416834,2018-10-24T18.50.16.834,11.817,0.394,0.906,-0.438
1540421416911,2018-10-24T18.50.16.911,11.894,0.449,0.680,-0.551
1540421416990,2018-10-24T18.50.16.990,11.973,-0.168,1.486,-0.091
1540421417070,2018-10-24T18.50.17.070,12.053,0.386,1.018,-0.576
1540421417149,2018-10-24T18.50.17.149,12.132,-0.028,0.994,-0.488
1540421417226,2018-10-24T18.50.17.226,12.209,-0.280,0.949,-0.041
1540421417305,2018-10-24T18.50.17.305,12.288,-0.099,0.983,-0.236
1540421417385,2018-10-24T18.50.17.385,12.368,-0.024,1.117,-0.238
1540421417464,2018-10-24T18.50.17.464,12.447,-0.058,1.227,-0.097
1540421417543,2018-10-24T18.50.17.543,12.526,0.223,1.559,-0.354
1540421417620,2018-10-24T18.50.17.620,12.603,0.122,0.952,-0.445
1540421417699,2018-10-24T18.50.17.699,12.682,0.711,0.875,-0.201
1540421417779,2018-10-24T18.50.17.779,12.762,0.630,0.922,-0.264
1540421417858,2018-10-24T18.50.17.858,12.841,0.343,0.837,-0.396
1540421417935,2018-10-24T18.50.17.935,12.918,0.152,0.682,-0.407
1540421418014,2018-10-24T18.50.18.014,12.997,0.401,1.517,-0.052
1540421418094,2018-10-24T18.50.18.094,13.077,0.141,0.942,-0.889
1540421418173,2018-10-24T18.50.18.173,13.156,-0.242,0.980,-0.193
1540421418250,2018-10-24T18.50.18.250,13.233,-0.229,0.954,-0.039
1540421418329,2018-10-24T18.50.18.329,13.312,-0.026,1.057,-0.357
1540421418408,2018-10-24T18.50.18.408,13.391,-0.022,1.219,-0.170
1540421418488,2018-10-24T18.50.18.488,13.471,0.075,1.483,0.049
1540421418567,2018-10-24T18.50.18.567,13.550,-0.237,1.641,-0.180
1540421418644,2018-10-24T18.50.18.644,13.627,0.228,0.892,-0.484
1540421418723,2018-10-24T18.50.18.723,13.706,0.251,0.660,-0.400
1540421418802,2018-10-24T18.50.18.802,13.785,0.330,0.857,-0.683
1540421418882,2018-10-24T18.50.18.882,13.865,0.355,0.954,-0.862
1540421418961,2018-10-24T18.50.18.961,13.944,0.282,0.714,-0.702
1540421419038,2018-10-24T18.50.19.038,14.021,0.601,1.313,-0.394
1540421419117,2018-10-24T18.50.19.117,14.100,0.240,0.989,-0.812
1540421419197,2018-10-24T18.50.19.197,14.180,0.057,1.071,-0.242
1540421419276,2018-10-24T18.50.19.276,14.259,-0.089,1.000,-0.176
1540421419353,2018-10-24T18.50.19.353,14.336,-0.045,0.998,-0.232
1540421419432,2018-10-24T18.50.19.432,14.415,-0.011,1.118,0.013
1540421419511,2018-10-24T18.50.19.511,14.494,-0.006,1.555,0.081
1540421419591,2018-10-24T18.50.19.591,14.574,-0.022,1.347,-0.460
1540421419668,2018-10-24T18.50.19.668,14.651,0.422,0.697,-0.400
1540421419747,2018-10-24T18.50.19.747,14.730,0.361,0.716,-0.420
1540421419826,2018-10-24T18.50.19.826,14.809,0.354,0.950,-0.605
1540421419906,2018-10-24T18.50.19.906,14.889,0.709,0.797,-0.715
1540421419985,2018-10-24T18.50.19.985,14.968,0.362,1.139,-0.364
1540421420062,2018-10-24T18.50.20.062,15.045,0.540,1.246,-0.411
1540421420141,2018-10-24T18.50.20.141,15.124,-0.202,0.879,-0.618
1540421420220,2018-10-24T18.50.20.220,15.203,-0.256,0.990,0.007
1540421420300,2018-10-24T18.50.20.300,15.283,-0.234,1.001,-0.027
1540421420377,2018-10-24T18.50.20.377,15.360,-0.002,1.123,-0.161
1540421420456,2018-10-24T18.50.20.456,15.439,0.308,1.590,-0.163
1540421420535,2018-10-24T18.50.20.535,15.518,0.330,0.805,-0.600
1540421420615,2018-10-24T18.50.20.615,15.598,0.316,0.657,-0.316
1540421420694,2018-10-24T18.50.20.694,15.677,0.338,0.837,-0.260
1540421420771,2018-10-24T18.50.20.771,15.754,0.460,0.950,-0.427
1540421420850,2018-10-24T18.50.20.850,15.833,0.248,1.038,-0.404
1540421420929,2018-10-24T18.50.20.929,15.912,0.282,0.704,-0.251
1540421421009,2018-10-24T18.50.21.009,15.992,0.029,1.306,-0.232
1540421421086,2018-10-24T18.50.21.086,16.069,0.233,1.055,-0.462
1540421421165,2018-10-24T18.50.21.165,16.148,-0.091,0.973,-0.098
1540421421244,2018-10-24T18.50.21.244,16.227,-0.086,0.967,-0.008
1540421421323,2018-10-24T18.50.21.323,16.306,0.055,0.985,-0.229
1540421421403,2018-10-24T18.50.21.403,16.386,-0.083,1.128,-0.027
1540421421480,2018-10-24T18.50.21.480,16.463,0.006,1.907,0.096
1540421421559,2018-10-24T18.50.21.559,16.542,-0.024,1.267,-0.626
1540421421638,2018-10-24T18.50.21.638,16.621,0.324,0.464,-0.452
1540421421718,2018-10-24T18.50.21.718,16.701,0.185,0.817,-0.522
1540421421795,2018-10-24T18.50.21.795,16.778,0.476,0.960,-0.467
1540421421874,2018-10-24T18.50.21.874,16.857,0.309,0.857,-0.458
1540421421953,2018-10-24T18.50.21.953,16.936,0.199,0.745,-0.492
1540421422032,2018-10-24T18.50.22.032,17.015,0.235,0.786,-0.466
1540421422112,2018-10-24T18.50.22.112,17.095,-0.114,1.761,0.082
1540421422189,2018-10-24T18.50.22.189,17.172,0.294,0.924,-0.592
1540421422268,2018-10-24T18.50.22.268,17.251,-0.050,0.990,-0.090
1540421422347,2018-10-24T18.50.22.347,17.330,-0.160,0.996,0.046
1540421422427,2018-10-24T18.50.22.427,17.410,-0.034,1.013,-0.094
1540421422504,2018-10-24T18.50.22.504,17.487,-0.183,0.917,-0.147
1540421422583,2018-10-24T18.50.22.583,17.566,0.039,0.994,-0.212
1540421422662,2018-10-24T18.50.22.662,17.645,-0.106,1.521,-0.280
1540421422741,2018-10-24T18.50.22.741,17.724,-0.100,1.290,-0.379
1540421422821,2018-10-24T18.50.22.821,17.804,0.726,0.976,-0.264
1540421422898,2018-10-24T18.50.22.898,17.881,0.715,0.771,-0.071
1540421422977,2018-10-24T18.50.22.977,17.960,0.708,0.967,-0.239
1540421423056,2018-10-24T18.50.23.056,18.039,0.812,1.040,-0.208
1540421423136,2018-10-24T18.50.23.136,18.119,-0.064,1.025,-0.685
1540421423213,2018-10-24T18.50.23.213,18.196,-0.192,1.006,-0.210
1540421423292,2018-10-24T18.50.23.292,18.275,-0.115,0.936,0.018
1540421423371,2018-10-24T18.50.23.371,18.354,-0.125,0.988,-0.040
1540421423450,2018-10-24T18.50.23.450,18.433,0.247,1.322,-0.262
1540421423530,2018-10-24T18.50.23.530,18.513,0.140,0.938,-0.383
1540421423607,2018-10-24T18.50.23.607,18.590,0.166,0.906,-0.246
1540421423686,2018-10-24T18.50.23.686,18.669,0.380,0.725,-0.805
1540421423765,2018-10-24T18.50.23.765,18.748,0.040,1.093,-0.267
1540421423844,2018-10-24T18.50.23.844,18.827,0.090,1.032,-0.172
1540421423922,2018-10-24T18.50.23.922,18.905,0.061,1.042,-0.168
1540421424001,2018-10-24T18.50.24.001,18.984,-0.064,0.982,0.212
1540421424080,2018-10-24T18.50.24.080,19.063,-0.028,1.027,0.090
1540421424159,2018-10-24T18.50.24.159,19.142,0.012,1.034,-0.085
1540421424239,2018-10-24T18.50.24.239,19.222,-0.009,1.035,-0.087
1540421424316,2018-10-24T18.50.24.316,19.299,0.026,1.028,-0.007
1540421424395,2018-10-24T18.50.24.395,19.378,0.028,1.024,0.023
1540421424474,2018-10-24T18.50.24.474,19.457,0.036,1.027,0.008
1540421424553,2018-10-24T18.50.24.553,19.536,0.025,1.025,0.048
1540421424631,2018-10-24T18.50.24.631,19.614,0.042,1.026,0.006
1540421424710,2018-10-24T18.50.24.710,19.693,0.069,1.027,0.000
1540421424789,2018-10-24T18.50.24.789,19.772,0.039,1.026,0.020
1540421424868,2018-10-24T18.50.24.868,19.851,0.040,1.026,0.020
1540421424948,2018-10-24T18.50.24.948,19.931,0.046,1.026,0.011
1540421425025,2018-10-24T18.50.25.025,20.008,0.030,1.027,0.024
1540421425104,2018-10-24T18.50.25.104,20.087,0.034,1.028,0.009
1540421425183,2018-10-24T18.50.25.183,20.166,0.045,1.028,-0.003
1540421425262,2018-10-24T18.50.25.262,20.245,0.039,1.027,0.016
1540421425340,2018-10-24T18.50.25.340,20.323,0.035,1.026,0.026
1540421425419,2018-10-24T18.50.25.419,20.402,0.039,1.027,0.002
1540421425498,2018-10-24T18.50.25.498,20.481,0.048,1.028,-0.009
1540421425577,2018-10-24T18.50.25.577,20.560,0.050,1.029,0.000
1540421425656,2018-10-24T18.50.25.656,20.639,0.023,1.028,0.038
1540421425734,2018-10-24T18.50.25.734,20.717,0.001,1.025,0.049
1540421425813,2018-10-24T18.50.25.813,20.796,0.037,1.030,-0.027
1540421425892,2018-10-24T18.50.25.892,20.875,0.056,1.029,-0.013
1540421425971,2018-10-24T18.50.25.971,20.954,0.052,1.024,0.003
1540421426049,2018-10-24T18.50.26.049,21.032,0.041,1.025,0.010
1540421426128,2018-10-24T18.50.26.128,21.111,0.058,1.028,-0.003
1540421426207,2018-10-24T18.50.26.207,21.190,0.048,1.028,-0.029
1540421426286,2018-10-24T18.50.26.286,21.269,0.033,1.026,0.001
1540421426365,2018-10-24T18.50.26.365,21.348,0.024,1.028,0.014
1540421426443,2018-10-24T18.50.26.443,21.426,0.032,1.027,0.002
1540421426522,2018-10-24T18.50.26.522,21.505,0.035,1.028,0.004
1540421426601,2018-10-24T18.50.26.601,21.584,0.030,1.027,0.009
1540421426680,2018-10-24T18.50.26.680,21.663,0.029,1.027,0.001
1540421426758,2018-10-24T18.50.26.758,21.741,0.037,1.027,0.000
1540421426837,2018-10-24T18.50.26.837,21.820,0.042,1.028,0.004
1540421426916,2018-10-24T18.50.26.916,21.899,0.026,1.028,0.003
1540421426995,2018-10-24T18.50.26.995,21.978,0.028,1.028,0.011
1540421427074,2018-10-24T18.50.27.074,22.057,0.028,1.028,-0.015
1540421427152,2018-10-24T18.50.27.152,22.135,0.029,1.028,-0.004
1540421427231,2018-10-24T18.50.27.231,22.214,0.018,1.024,0.015
1540421427310,2018-10-24T18.50.27.310,22.293,0.032,1.028,0.013
1540421427389,2018-10-24T18.50.27.389,22.372,0.044,1.028,0.011
1540421427467,2018-10-24T18.50.27.467,22.450,0.049,1.028,0.006
1540421427546,2018-10-24T18.50.27.546,22.529,0.056,1.028,-0.003
1540421427625,2018-10-24T18.50.27.625,22.608,0.057,1.026,0.007
1540421427704,2018-10-24T18.50.27.704,22.687,0.041,1.026,0.013
1540421427783,2018-10-24T18.50.27.783,22.766,0.028,1.027,0.020
1540421427861,2018-10-24T18.50.27.861,22.844,0.028,1.026,0.009
1540421427940,2018-10-24T18.50.27.940,22.923,0.049,1.029,-0.016
1540421428019,2018-10-24T18.50.28.019,23.002,0.039,1.028,-0.015
1540421428098,2018-10-24T18.50.28.098,23.081,0.021,1.027,0.012
1540421428176,2018-10-24T18.50.28.176,23.159,0.026,1.024,0.044
1540421428255,2018-10-24T18.50.28.255,23.238,0.038,1.025,0.031
1540421428334,2018-10-24T18.50.28.334,23.317,0.035,1.027,0.014
1540421428413,2018-10-24T18.50.28.413,23.396,0.036,1.027,0.008
1540421428492,2018-10-24T18.50.28.492,23.475,0.043,1.023,0.003
1540421428570,2018-10-24T18.50.28.570,23.553,0.056,1.023,-0.031
1540421428649,2018-10-24T18.50.28.649,23.632,0.077,1.028,-0.068
1540421428728,2018-10-24T18.50.28.728,23.711,0.053,1.029,-0.051
1540421428807,2018-10-24T18.50.28.807,23.790,0.027,1.025,-0.010
1540421428885,2018-10-24T18.50.28.885,23.868,0.041,1.018,-0.036
1540421428964,2018-10-24T18.50.28.964,23.947,0.096,1.024,-0.102
1540421429043,2018-10-24T18.50.29.043,24.026,0.054,1.030,-0.057
1540421429122,2018-10-24T18.50.29.122,24.105,0.039,1.015,-0.005
1540421429201,2018-10-24T18.50.29.201,24.184,0.105,1.013,-0.083
1540421429279,2018-10-24T18.50.29.279,24.262,0.100,1.021,-0.091
1540421429358,2018-10-24T18.50.29.358,24.341,0.036,1.021,-0.011
1540421429437,2018-10-24T18.50.29.437,24.420,0.027,1.017,-0.041
1540421429516,2018-10-24T18.50.29.516,24.499,0.125,1.001,-0.159
1540421429594,2018-10-24T18.50.29.594,24.577,0.090,1.039,-0.170
1540421429673,2018-10-24T18.50.29.673,24.656,0.010,1.011,0.025
1540421429752,2018-10-24T18.50.29.752,24.735,-0.275,1.066,0.484
1540421429831,2018-10-24T18.50.29.831,24.814,0.199,1.401,-0.102
1540421429910,2018-10-24T18.50.29.910,24.893,0.185,0.878,-0.057
1540421429988,2018-10-24T18.50.29.988,24.971,0.253,1.144,0.165
1540421430067,2018-10-24T18.50.30.067,25.050,0.133,1.073,-0.175
1540421430146,2018-10-24T18.50.30.146,25.129,0.138,0.774,-0.418
1540421430225,2018-10-24T18.50.30.225,25.208,0.059,0.699,-0.417
1540421430303,2018-10-24T18.50.30.303,25.286,0.271,1.383,0.015
1540421430382,2018-10-24T18.50.30.382,25.365,0.257,1.013,-0.347
1540421430461,2018-10-24T18.50.30.461,25.444,0.018,1.007,-0.148
1540421430540,2018-10-24T18.50.30.540,25.523,-0.114,0.999,-0.011
1540421430619,2018-10-24T18.50.30.619,25.602,-0.071,0.997,-0.032
1540421430697,2018-10-24T18.50.30.697,25.680,0.066,1.051,-0.185
1540421430776,2018-10-24T18.50.30.776,25.759,0.072,1.236,-0.098
1540421430855,2018-10-24T18.50.30.855,25.838,0.071,1.584,0.036
1540421430934,2018-10-24T18.50.30.934,25.917,-0.238,1.166,-0.471
1540421431012,2018-10-24T18.50.31.012,25.995,0.387,0.612,-0.375
1540421431091,2018-10-24T18.50.31.091,26.074,0.267,0.753,-0.458
1540421431170,2018-10-24T18.50.31.170,26.153,0.411,0.962,-0.569
1540421431249,2018-10-24T18.50.31.249,26.232,0.435,0.924,-0.512
1540421431327,2018-10-24T18.50.31.327,26.310,0.232,1.022,-0.365
1540421431406,2018-10-24T18.50.31.406,26.389,0.380,1.154,-0.181
1540421431485,2018-10-24T18.50.31.485,26.468,0.077,0.966,-0.370
1540421431564,2018-10-24T18.50.31.564,26.547,-0.051,1.021,-0.162
1540421431643,2018-10-24T18.50.31.643,26.626,0.023,1.049,-0.292
1540421431721,2018-10-24T18.50.31.721,26.704,0.027,1.108,-0.142
1540421431800,2018-10-24T18.50.31.800,26.783,-0.016,1.159,-0.004
1540421431879,2018-10-24T18.50.31.879,26.862,0.066,1.523,0.010
1540421431958,2018-10-24T18.50.31.958,26.941,0.135,1.018,-0.476
1540421432036,2018-10-24T18.50.32.036,27.019,0.396,0.624,-0.310
1540421432115,2018-10-24T18.50.32.115,27.098,0.305,0.816,-0.437
1540421432194,2018-10-24T18.50.32.194,27.177,0.463,1.062,-0.521
1540421432273,2018-10-24T18.50.32.273,27.256,0.363,0.830,-0.457
1540421432352,2018-10-24T18.50.32.352,27.335,0.189,1.042,-0.327
1540421432430,2018-10-24T18.50.32.430,27.413,0.485,1.161,-0.340
1540421432509,2018-10-24T18.50.32.509,27.492,0.098,0.981,-0.441
1540421432588,2018-10-24T18.50.32.588,27.571,-0.197,0.971,-0.023
1540421432667,2018-10-24T18.50.32.667,27.650,0.042,1.020,-0.217
1540421432745,2018-10-24T18.50.32.745,27.728,-0.053,1.089,-0.190
1540421432824,2018-10-24T18.50.32.824,27.807,0.024,1.174,-0.009
1540421432903,2018-10-24T18.50.32.903,27.886,0.046,1.487,0.054
1540421432982,2018-10-24T18.50.32.982,27.965,-0.161,1.275,-0.432
1540421433061,2018-10-24T18.50.33.061,28.044,0.298,0.657,-0.390
1540421433139,2018-10-24T18.50.33.139,28.122,0.195,0.716,-0.505
1540421433218,2018-10-24T18.50.33.218,28.201,0.436,1.000,-0.666
1540421433297,2018-10-24T18.50.33.297,28.280,0.333,0.875,-0.641
1540421433376,2018-10-24T18.50.33.376,28.359,0.525,1.127,-0.237
1540421433454,2018-10-24T18.50.33.454,28.437,0.318,1.021,-0.538
1540421433533,2018-10-24T18.50.33.533,28.516,0.004,1.004,-0.391
1540421433612,2018-10-24T18.50.33.612,28.595,-0.008,0.983,-0.179
1540421433691,2018-10-24T18.50.33.691,28.674,-0.045,1.004,-0.231
1540421433770,2018-10-24T18.50.33.770,28.753,-0.304,0.972,-0.024
1540421433848,2018-10-24T18.50.33.848,28.831,-0.080,1.196,-0.063
1540421433927,2018-10-24T18.50.33.927,28.910,0.324,1.677,-0.208
1540421434006,2018-10-24T18.50.34.006,28.989,0.148,0.947,-0.434
1540421434085,2018-10-24T18.50.34.085,29.068,0.508,0.640,-0.229
1540421434163,2018-10-24T18.50.34.163,29.146,0.318,0.945,-0.362
1540421434242,2018-10-24T18.50.34.242,29.225,0.474,0.957,-0.415
1540421434321,2018-10-24T18.50.34.321,29.304,0.176,0.674,-0.291
1540421434400,2018-10-24T18.50.34.400,29.383,0.341,1.312,-0.079
1540421434479,2018-10-24T18.50.34.479,29.462,0.361,1.025,-0.930
1540421434557,2018-10-24T18.50.34.557,29.540,-0.082,1.029,-0.416
1540421434636,2018-10-24T18.50.34.636,29.619,-0.308,0.896,-0.142
1540421434715,2018-10-24T18.50.34.715,29.698,-0.095,1.046,-0.121
1540421434794,2018-10-24T18.50.34.794,29.777,-0.097,1.191,-0.085
1540421434872,2018-10-24T18.50.34.872,29.855,-0.018,1.322,0.054
1540421434951,2018-10-24T18.50.34.951,29.934,0.314,1.445,-0.096
1540421435030,2018-10-24T18.50.35.030,30.013,0.068,0.929,-0.562
1540421435109,2018-10-24T18.50.35.109,30.092,0.269,0.678,-0.333
1540421435188,2018-10-24T18.50.35.188,30.171,0.382,0.786,-0.514
1540421435266,2018-10-24T18.50.35.266,30.249,0.448,0.990,-0.671
1540421435345,2018-10-24T18.50.35.345,30.328,0.209,0.788,-0.604
1540421435424,2018-10-24T18.50.35.424,30.407,0.255,1.167,-0.338
1540421435503,2018-10-24T18.50.35.503,30.486,0.279,1.065,-0.608
1540421435582,2018-10-24T18.50.35.582,30.565,0.141,1.045,-0.303
1540421435660,2018-10-24T18.50.35.660,30.643,-0.203,0.947,-0.041
1540421435739,2018-10-24T18.50.35.739,30.722,0.118,1.018,-0.301
1540421435818,2018-10-24T18.50.35.818,30.801,0.036,1.108,-0.079
1540421435897,2018-10-24T18.50.35.897,30.880,0.033,1.232,0.151
1540421435975,2018-10-24T18.50.35.975,30.958,0.290,1.686,-0.063
1540421436054,2018-10-24T18.50.36.054,31.037,-0.263,0.833,-0.725
1540421436133,2018-10-24T18.50.36.133,31.116,-0.039,0.618,-0.577
1540421436212,2018-10-24T18.50.36.212,31.195,-0.049,0.863,-0.782
1540421436291,2018-10-24T18.50.36.291,31.274,0.350,0.957,-0.638
1540421436369,2018-10-24T18.50.36.369,31.352,0.039,0.968,-0.507
1540421436448,2018-10-24T18.50.36.448,31.431,0.355,0.895,-0.410
1540421436527,2018-10-24T18.50.36.527,31.510,0.558,1.306,-0.129
1540421436606,2018-10-24T18.50.36.606,31.589,0.098,0.976,-0.343
1540421436684,2018-10-24T18.50.36.684,31.667,-0.119,1.010,-0.134
1540421436763,2018-10-24T18.50.36.763,31.746,0.048,1.003,-0.128
1540421436842,2018-10-24T18.50.36.842,31.825,0.049,1.027,-0.146
1540421436921,2018-10-24T18.50.36.921,31.904,0.054,1.088,-0.154
1540421437000,2018-10-24T18.50.37.000,31.983,0.050,1.126,-0.087
1540421437078,2018-10-24T18.50.37.078,32.061,0.110,1.588,0.122
1540421437157,2018-10-24T18.50.37.157,32.140,-0.011,1.198,-0.466
1540421437236,2018-10-24T18.50.37.236,32.219,0.063,0.639,-0.627
1540421437315,2018-10-24T18.50.37.315,32.298,0.174,0.490,-0.516
1540421437393,2018-10-24T18.50.37.393,32.376,0.242,0.724,-0.663
1540421437472,2018-10-24T18.50.37.472,32.455,0.400,1.095,-0.680
1540421437551,2018-10-24T18.50.37.551,32.534,0.214,0.825,-0.374
1540421437630,2018-10-24T18.50.37.630,32.613,0.517,1.273,-0.377
1540421437709,2018-10-24T18.50.37.709,32.692,0.054,1.058,-0.267
1540421437787,2018-10-24T18.50.37.787,32.770,-0.135,0.990,-0.031
1540421437866,2018-10-24T18.50.37.866,32.849,-0.038,1.002,-0.020
1540421437945,2018-10-24T18.50.37.945,32.928,0.027,1.027,-0.170
1540421438024,2018-10-24T18.50.38.024,33.007,-0.006,1.024,-0.120
1540421438102,2018-10-24T18.50.38.102,33.085,0.108,1.147,-0.144
1540421438181,2018-10-24T18.50.38.181,33.164,-0.051,1.569,0.045
1540421438260,2018-10-24T18.50.38.260,33.243,-0.057,1.201,-0.275
1540421438339,2018-10-24T18.50.38.339,33.322,0.067,0.687,-0.755
1540421438418,2018-10-24T18.50.38.418,33.401,0.552,0.416,-0.439
1540421438496,2018-10-24T18.50.38.496,33.479,0.125,0.703,-0.611
1540421438575,2018-10-24T18.50.38.575,33.558,0.426,1.154,-0.643
1540421438654,2018-10-24T18.50.38.654,33.637,0.378,0.833,-0.386
1540421438733,2018-10-24T18.50.38.733,33.716,0.263,1.249,-0.182
1540421438811,2018-10-24T18.50.38.811,33.794,0.111,1.024,-0.472
1540421438890,2018-10-24T18.50.38.890,33.873,-0.086,1.002,-0.325
1540421438969,2018-10-24T18.50.38.969,33.952,-0.046,1.010,-0.189
1540421439048,2018-10-24T18.50.39.048,34.031,-0.183,0.990,-0.130
1540421439127,2018-10-24T18.50.39.127,34.110,-0.316,0.943,0.099
1540421439205,2018-10-24T18.50.39.205,34.188,-0.010,1.335,-0.054
1540421439284,2018-10-24T18.50.39.284,34.267,0.646,1.625,-0.286
1540421439363,2018-10-24T18.50.39.363,34.346,0.189,0.598,-0.359
1540421439442,2018-10-24T18.50.39.442,34.425,0.300,0.751,-0.104
1540421439520,2018-10-24T18.50.39.520,34.503,0.480,1.072,-0.309
1540421439599,2018-10-24T18.50.39.599,34.582,0.371,1.039,-0.442
1540421439678,2018-10-24T18.50.39.678,34.661,0.336,0.705,-0.302
1540421439757,2018-10-24T18.50.39.757,34.740,-0.272,1.250,-0.237
1540421439836,2018-10-24T18.50.39.836,34.819,0.225,1.102,-0.434
1540421439914,2018-10-24T18.50.39.914,34.897,0.129,1.004,-0.442
1540421439993,2018-10-24T18.50.39.993,34.976,-0.228,0.978,-0.074
1540421440072,2018-10-24T18.50.40.072,35.055,-0.147,0.999,-0.056
1540421440151,2018-10-24T18.50.40.151,35.134,-0.095,1.000,-0.119
1540421440229,2018-10-24T18.50.40.229,35.212,0.001,1.040,-0.199
1540421440308,2018-10-24T18.50.40.308,35.291,0.085,1.305,-0.139
1540421440387,2018-10-24T18.50.40.387,35.370,0.148,1.889,0.128
1540421440466,2018-10-24T18.50.40.466,35.449,0.120,1.039,-0.804
1540421440545,2018-10-24T18.50.40.545,35.528,0.276,0.507,-0.533
1540421440623,2018-10-24T18.50.40.623,35.606,0.575,0.797,-0.543
1540421440702,2018-10-24T18.50.40.702,35.685,0.189,0.719,-0.646
1540421440781,2018-10-24T18.50.40.781,35.764,0.511,0.622,-0.631
1540421440860,2018-10-24T18.50.40.860,35.843,0.253,0.502,-0.571
1540421440938,2018-10-24T18.50.40.938,35.921,0.237,0.847,-0.377
1540421441017,2018-10-24T18.50.41.017,36.000,-0.559,1.965,0.210
1540421441096,2018-10-24T18.50.41.096,36.079,-0.365,1.062,0.394
1540421441175,2018-10-24T18.50.41.175,36.158,0.182,0.849,-0.361
1540421441254,2018-10-24T18.50.41.254,36.237,0.126,1.136,-0.145
1540421441332,2018-10-24T18.50.41.332,36.315,0.014,1.053,-0.159
1540421441411,2018-10-24T18.50.41.411,36.394,0.013,0.956,-0.106
1540421441490,2018-10-24T18.50.41.490,36.473,-0.072,0.987,-0.021
1540421441569,2018-10-24T18.50.41.569,36.552,-0.235,0.968,0.151
1540421441647,2018-10-24T18.50.41.647,36.630,-0.160,1.375,-0.090
1540421441726,2018-10-24T18.50.41.726,36.709,0.373,1.625,-0.214
1540421441805,2018-10-24T18.50.41.805,36.788,-0.036,0.636,-0.516
1540421441884,2018-10-24T18.50.41.884,36.867,0.799,0.632,-0.471
1540421441963,2018-10-24T18.50.41.963,36.946,0.218,0.890,-0.764
1540421442041,2018-10-24T18.50.42.041,37.024,0.479,0.884,-0.491
1540421442120,2018-10-24T18.50.42.120,37.103,0.159,0.951,-0.405
1540421442199,2018-10-24T18.50.42.199,37.182,0.034,1.203,-0.306
1540421442278,2018-10-24T18.50.42.278,37.261,-0.018,1.002,-0.206
1540421442356,2018-10-24T18.50.42.356,37.339,-0.295,0.970,0.098
1540421442435,2018-10-24T18.50.42.435,37.418,-0.324,1.031,0.065
1540421442514,2018-10-24T18.50.42.514,37.497,0.086,1.547,-0.242
1540421442593,2018-10-24T18.50.42.593,37.576,0.146,0.753,-0.399
1540421442672,2018-10-24T18.50.42.672,37.655,0.589,0.712,-0.125
1540421442750,2018-10-24T18.50.42.750,37.733,0.366,1.056,-0.162
1540421442829,2018-10-24T18.50.42.829,37.812,0.228,1.051,-0.016
1540421442908,2018-10-24T18.50.42.908,37.891,0.423,1.064,0.029
1540421442987,2018-10-24T18.50.42.987,37.970,-0.008,1.021,-0.159
1540421443065,2018-10-24T18.50.43.065,38.048,-0.073,0.899,-0.157
1540421443144,2018-10-24T18.50.43.144,38.127,0.136,0.895,-0.201
1540421443223,2018-10-24T18.50.43.223,38.206,0.098,0.798,-0.201
1540421443302,2018-10-24T18.50.43.302,38.285,-0.552,1.436,0.140
1540421443381,2018-10-24T18.50.43.381,38.364,0.301,1.075,-0.154
1540421443459,2018-10-24T18.50.43.459,38.442,-0.101,0.972,-0.583
1540421443538,2018-10-24T18.50.43.538,38.521,0.111,1.042,0.091
1540421443617,2018-10-24T18.50.43.617,38.600,-0.088,1.005,-0.062
1540421443696,2018-10-24T18.50.43.696,38.679,-0.079,1.008,-0.128
1540421443774,2018-10-24T18.50.43.774,38.757,-0.006,1.013,-0.180
1540421443853,2018-10-24T18.50.43.853,38.836,0.124,1.062,-0.283
1540421443932,2018-10-24T18.50.43.932,38.915,0.063,1.180,-0.014
1540421444011,2018-10-24T18.50.44.011,38.994,0.271,1.529,0.006
1540421444090,2018-10-24T18.50.44.090,39.073,0.012,0.908,-0.500
1540421444168,2018-10-24T18.50.44.168,39.151,-0.168,0.765,-0.322
1540421444247,2018-10-24T18.50.44.247,39.230,-0.343,0.935,-0.680
1540421444326,2018-10-24T18.50.44.326,39.309,0.196,1.084,-0.685
1540421444405,2018-10-24T18.50.44.405,39.388,0.147,1.046,-0.596
1540421444484,2018-10-24T18.50.44.484,39.467,0.272,0.836,-0.525
1540421444562,2018-10-24T18.50.44.562,39.545,0.115,0.701,-0.524
1540421444641,2018-10-24T18.50.44.641,39.624,0.370,1.397,-0.125
1540421444720,2018-10-24T18.50.44.720,39.703,0.398,0.978,-0.450
1540421444799,2018-10-24T18.50.44.799,39.782,-0.128,1.021,-0.225
1540421444877,2018-10-24T18.50.44.877,39.860,-0.173,1.011,-0.164
1540421444956,2018-10-24T18.50.44.956,39.939,-0.005,1.004,-0.098
1540421445035,2018-10-24T18.50.45.035,40.018,0.035,0.980,-0.015
1540421445114,2018-10-24T18.50.45.114,40.097,-0.133,0.946,0.063
1540421445193,2018-10-24T18.50.45.193,40.176,0.111,1.472,-0.268
1540421445271,2018-10-24T18.50.45.271,40.254,0.034,1.435,-0.444
1540421445350,2018-10-24T18.50.45.350,40.333,0.177,0.783,-0.212
1540421445429,2018-10-24T18.50.45.429,40.412,-0.009,0.919,-0.349
1540421445508,2018-10-24T18.50.45.508,40.491,0.394,1.109,-0.460
1540421445586,2018-10-24T18.50.45.586,40.569,0.299,0.961,-0.433
1540421445665,2018-10-24T18.50.45.665,40.648,0.092,0.745,-0.349
1540421445744,2018-10-24T18.50.45.744,40.727,0.063,1.190,-0.168
1540421445823,2018-10-24T18.50.45.823,40.806,0.501,1.201,-0.247
1540421445902,2018-10-24T18.50.45.902,40.885,-0.089,0.965,-0.288
1540421445980,2018-10-24T18.50.45.980,40.963,-0.118,0.991,-0.020
1540421446059,2018-10-24T18.50.46.059,41.042,0.014,1.003,-0.147
1540421446138,2018-10-24T18.50.46.138,41.121,-0.056,0.989,-0.217
1540421446217,2018-10-24T18.50.46.217,41.200,-0.077,1.042,-0.207
1540421446295,2018-10-24T18.50.46.295,41.278,-0.030,1.436,-0.082
1540421446374,2018-10-24T18.50.46.374,41.357,0.170,1.350,-0.057
1540421446453,2018-10-24T18.50.46.453,41.436,-0.173,0.779,-0.293
1540421446532,2018-10-24T18.50.46.532,41.515,0.287,0.835,-0.205
1540421446611,2018-10-24T18.50.46.611,41.594,0.100,1.114,-0.339
1540421446689,2018-10-24T18.50.46.689,41.672,0.469,1.176,-0.281
1540421446768,2018-10-24T18.50.46.768,41.751,0.269,0.887,-0.283
1540421446847,2018-10-24T18.50.46.847,41.830,0.197,0.938,-0.330
1540421446926,2018-10-24T18.50.46.926,41.909,0.410,1.061,-0.514
1540421447004,2018-10-24T18.50.47.004,41.987,0.031,1.055,-0.502
1540421447083,2018-10-24T18.50.47.083,42.066,-0.178,1.003,-0.106
1540421447162,2018-10-24T18.50.47.162,42.145,-0.008,0.984,-0.229
1540421447241,2018-10-24T18.50.47.241,42.224,0.024,1.060,-0.236
1540421447320,2018-10-24T18.50.47.320,42.303,-0.169,1.165,0.038
1540421447398,2018-10-24T18.50.47.398,42.381,0.141,1.608,-0.033
1540421447477,2018-10-24T18.50.47.477,42.460,0.182,1.072,-0.591
1540421447556,2018-10-24T18.50.47.556,42.539,0.223,0.539,-0.346
1540421447635,2018-10-24T18.50.47.635,42.618,0.432,0.821,-0.391
1540421447713,2018-10-24T18.50.47.713,42.696,0.439,0.955,-0.512
1540421447792,2018-10-24T18.50.47.792,42.775,0.293,0.855,-0.461
1540421447871,2018-10-24T18.50.47.871,42.854,0.203,1.052,-0.364
1540421447950,2018-10-24T18.50.47.950,42.933,0.453,1.038,-0.491
1540421448029,2018-10-24T18.50.48.029,43.012,0.156,1.058,-0.557
1540421448107,2018-10-24T18.50.48.107,43.090,-0.080,1.012,-0.217
1540421448186,2018-10-24T18.50.48.186,43.169,-0.008,0.982,-0.194
1540421448265,2018-10-24T18.50.48.265,43.248,0.047,1.070,-0.136
1540421448344,2018-10-24T18.50.48.344,43.327,-0.060,1.166,-0.081
1540421448422,2018-10-24T18.50.48.422,43.405,0.100,1.497,-0.009
1540421448501,2018-10-24T18.50.48.501,43.484,0.007,0.941,-0.496
1540421448580,2018-10-24T18.50.48.580,43.563,0.282,0.657,-0.415
1540421448659,2018-10-24T18.50.48.659,43.642,0.525,0.854,-0.476
1540421448738,2018-10-24T18.50.48.738,43.721,0.282,0.996,-0.586
1540421448816,2018-10-24T18.50.48.816,43.799,0.372,0.828,-0.449
1540421448895,2018-10-24T18.50.48.895,43.878,0.062,0.971,-0.319
1540421448974,2018-10-24T18.50.48.974,43.957,0.315,1.208,-0.229
1540421449053,2018-10-24T18.50.49.053,44.036,0.119,1.015,-0.423
1540421449131,2018-10-24T18.50.49.131,44.114,-0.106,1.008,-0.135
1540421449210,2018-10-24T18.50.49.210,44.193,-0.067,0.985,-0.043
1540421449289,2018-10-24T18.50.49.289,44.272,-0.136,0.983,0.022
1540421449368,2018-10-24T18.50.49.368,44.351,0.016,1.390,-0.099
1540421449447,2018-10-24T18.50.49.447,44.430,0.405,1.155,-0.381
1540421449525,2018-10-24T18.50.49.525,44.508,0.032,0.394,-0.576
1540421449604,2018-10-24T18.50.49.604,44.587,0.200,0.781,-0.470
1540421449683,2018-10-24T18.50.49.683,44.666,0.240,0.973,-0.508
1540421449762,2018-10-24T18.50.49.762,44.745,0.258,0.876,-0.733
1540421449840,2018-10-24T18.50.49.840,44.823,-0.155,1.070,-0.327
1540421449919,2018-10-24T18.50.49.919,44.902,0.119,1.034,-0.156
1540421449998,2018-10-24T18.50.49.998,44.981,0.009,1.026,-0.152
1540421450077,2018-10-24T18.50.50.077,45.060,0.000,1.023,0.008
1540421450156,2018-10-24T18.50.50.156,45.139,0.025,1.009,-0.166
1540421450234,2018-10-24T18.50.50.234,45.217,0.062,1.005,-0.303
1540421450313,2018-10-24T18.50.50.313,45.296,0.064,1.030,-0.226
1540421450392,2018-10-24T18.50.50.392,45.375,0.040,1.018,-0.092
1540421450471,2018-10-24T18.50.50.471,45.454,-0.031,1.022,-0.078
1540421450549,2018-10-24T18.50.50.549,45.532,-0.039,1.020,-0.023
1540421450628,2018-10-24T18.50.50.628,45.611,-0.016,1.032,-0.042
1540421450707,2018-10-24T18.50.50.707,45.690,-0.026,1.027,-0.064
1540421450786,2018-10-24T18.50.50.786,45.769,-0.032,1.030,-0.077
1540421450865,2018-10-24T18.50.50.865,45.848,-0.036,1.028,-0.069
1540421450943,2018-10-24T18.50.50.943,45.926,-0.028,1.030,-0.043
1540421451022,2018-10-24T18.50.51.022,46.005,-0.041,1.027,-0.056
1540421451101,2018-10-24T18.50.51.101,46.084,-0.020,1.031,-0.077
1540421451180,2018-10-24T18.50.51.180,46.163,-0.021,1.030,-0.063
1540421451258,2018-10-24T18.50.51.258,46.241,-0.035,1.029,-0.046
1540421451337,2018-10-24T18.50.51.337,46.320,-0.028,1.027,-0.050
1540421451416,2018-10-24T18.50.51.416,46.399,-0.015,1.030,-0.076
1540421451495,2018-10-24T18.50.51.495,46.478,-0.016,1.033,-0.081
1540421451574,2018-10-24T18.50.51.574,46.557,-0.014,1.032,-0.082
1540421451652,2018-10-24T18.50.51.652,46.635,-0.013,1.030,-0.054
1540421451731,2018-10-24T18.50.51.731,46.714,-0.003,1.040,-0.036
1540421451810,2018-10-24T18.50.51.810,46.793,-0.022,1.029,-0.042
1540421451889,2018-10-24T18.50.51.889,46.872,-0.039,1.023,-0.046
1540421451967,2018-10-24T18.50.51.967,46.950,-0.030,1.025,-0.026
1540421452046,2018-10-24T18.50.52.046,47.029,-0.030,1.027,-0.036
1540421452125,2018-10-24T18.50.52.125,47.108,-0.023,1.029,-0.044
1540421452204,2018-10-24T18.50.52.204,47.187,-0.008,1.030,-0.053
1540421452283,2018-10-24T18.50.52.283,47.266,-0.002,1.031,-0.078
1540421452361,2018-10-24T18.50.52.361,47.344,0.004,1.029,-0.057
1540421452440,2018-10-24T18.50.52.440,47.423,0.000,1.027,-0.047
1540421452519,2018-10-24T18.50.52.519,47.502,-0.001,1.028,-0.046
1540421452598,2018-10-24T18.50.52.598,47.581,-0.016,1.025,-0.057
1540421452676,2018-10-24T18.50.52.676,47.659,0.004,1.028,-0.066
1540421452755,2018-10-24T18.50.52.755,47.738,-0.000,1.031,-0.089
1540421452834,2018-10-24T18.50.52.834,47.817,-0.001,1.029,-0.080
1540421452913,2018-10-24T18.50.52.913,47.896,0.012,1.027,-0.069
1540421452990,2018-10-24T18.50.52.990,47.973,0.011,1.027,-0.068
1540421453070,2018-10-24T18.50.53.070,48.053,-0.001,1.025,-0.060
1540421453149,2018-10-24T18.50.53.149,48.132,-0.003,1.025,-0.061
1540421453228,2018-10-24T18.50.53.228,48.211,0.027,1.027,-0.064
1540421453307,2018-10-24T18.50.53.307,48.290,0.034,1.026,-0.071
1540421453385,2018-10-24T18.50.53.385,48.368,0.000,1.025,-0.048
1540421453464,2018-10-24T18.50.53.464,48.447,-0.012,1.025,-0.045
1540421453543,2018-10-24T18.50.53.543,48.526,0.020,1.028,-0.052
1540421453622,2018-10-24T18.50.53.622,48.605,0.020,1.028,-0.074
1540421453699,2018-10-24T18.50.53.699,48.682,0.007,1.026,-0.056
1540421453779,2018-10-24T18.50.53.779,48.762,0.013,1.027,-0.050
1540421453858,2018-10-24T18.50.53.858,48.841,0.014,1.026,-0.059
1540421453937,2018-10-24T18.50.53.937,48.920,0.015,1.026,-0.062
1540421454016,2018-10-24T18.50.54.016,48.999,0.012,1.026,-0.061
1540421454094,2018-10-24T18.50.54.094,49.077,0.009,1.028,-0.038
1540421454173,2018-10-24T18.50.54.173,49.156,0.018,1.026,-0.044
1540421454252,2018-10-24T18.50.54.252,49.235,0.026,1.028,-0.063
1540421454331,2018-10-24T18.50.54.331,49.314,0.025,1.028,-0.053
1540421454408,2018-10-24T18.50.54.408,49.391,0.012,1.028,-0.042
1540421454488,2018-10-24T18.50.54.488,49.471,-0.002,1.026,-0.036
1540421454567,2018-10-24T18.50.54.567,49.550,-0.006,1.029,-0.017
1540421454646,2018-10-24T18.50.54.646,49.629,0.003,1.030,-0.032
1540421454725,2018-10-24T18.50.54.725,49.708,0.002,1.029,-0.041
1540421454802,2018-10-24T18.50.54.802,49.785,-0.009,1.028,-0.024
1540421454882,2018-10-24T18.50.54.882,49.865,0.036,1.033,-0.042
1540421454961,2018-10-24T18.50.54.961,49.944,0.019,1.033,-0.058
1540421455040,2018-10-24T18.50.55.040,50.023,-0.025,1.028,0.012
1540421455117,2018-10-24T18.50.55.117,50.100,-0.026,1.030,0.020
1540421455197,2018-10-24T18.50.55.197,50.180,0.006,1.031,-0.022
1540421455276,2018-10-24T18.50.55.276,50.259,0.012,1.029,-0.030
1540421455355,2018-10-24T18.50.55.355,50.338,-0.002,1.028,-0.009
1540421455434,2018-10-24T18.50.55.434,50.417,0.000,1.029,-0.017
1540421455511,2018-10-24T18.50.55.511,50.494,0.003,1.030,-0.031
1540421455591,2018-10-24T18.50.55.591,50.574,-0.003,1.031,-0.016
1540421455670,2018-10-24T18.50.55.670,50.653,-0.011,1.028,-0.003
1540421455749,2018-10-24T18.50.55.749,50.732,0.002,1.029,-0.023
1540421455826,2018-10-24T18.50.55.826,50.809,-0.001,1.030,-0.017
1540421455906,2018-10-24T18.50.55.906,50.889,-0.008,1.029,-0.007
1540421455985,2018-10-24T18.50.55.985,50.968,0.004,1.030,-0.024
1540421456064,2018-10-24T18.50.56.064,51.047,0.006,1.030,-0.034
1540421456143,2018-10-24T18.50.56.143,51.126,0.007,1.029,-0.030
1540421456220,2018-10-24T18.50.56.220,51.203,0.007,1.028,-0.031
1540421456300,2018-10-24T18.50.56.300,51.283,0.005,1.029,-0.022
1540421456379,2018-10-24T18.50.56.379,51.362,0.000,1.031,-0.024
1540421456458,2018-10-24T18.50.56.458,51.441,0.003,1.030,-0.025
1540421456535,2018-10-24T18.50.56.535,51.518,-0.002,1.028,-0.019
1540421456615,2018-10-24T18.50.56.615,51.598,-0.004,1.031,-0.013
1540421456694,2018-10-24T18.50.56.694,51.677,-0.009,1.030,-0.001
1540421456773,2018-10-24T18.50.56.773,51.756,-0.005,1.033,-0.012
1540421456852,2018-10-24T18.50.56.852,51.835,-0.009,1.032,-0.021
1540421456929,2018-10-24T18.50.56.929,51.912,0.001,1.031,-0.033
1540421457009,2018-10-24T18.50.57.009,51.992,0.016,1.034,-0.020
1540421457088,2018-10-24T18.50.57.088,52.071,-0.020,1.028,-0.002
1540421457167,2018-10-24T18.50.57.167,52.150,0.001,1.033,-0.006
1540421457244,2018-10-24T18.50.57.244,52.227,-0.029,1.028,-0.005
1540421457323,2018-10-24T18.50.57.323,52.306,0.005,1.033,-0.015
1540421457403,2018-10-24T18.50.57.403,52.386,-0.114,1.002,-0.021
1540421457482,2018-10-24T18.50.57.482,52.465,0.041,1.041,-0.015
1540421457561,2018-10-24T18.50.57.561,52.544,0.051,1.035,-0.078
1540421457638,2018-10-24T18.50.57.638,52.621,0.026,1.029,-0.149
1540421457718,2018-10-24T18.50.57.718,52.701,0.025,1.027,-0.125
1540421457797,2018-10-24T18.50.57.797,52.780,0.005,1.028,-0.040
1540421457876,2018-10-24T18.50.57.876,52.859,-0.023,1.022,-0.018