epoc (ms),timestamp (-0400),elapsed (s),x-axis (T),y-axis (T),z-axis (T)
1540421405499,2018-10-24T18.50.05.499,0.000,-0.002048000,-0.002048000,-0.000499438
1540421405600,2018-10-24T18.50.05.600,0.101,-0.002048000,-0.002048000,-0.000498250
1540421405701,2018-10-24T18.50.05.701,0.202,-0.002048000,-0.002048000,-0.000500562
1540421405802,2018-10-24T18.50.05.802,0.303,-0.002048000,-0.002048000,-0.000500312
1540421405902,2018-10-24T18.50.05.902,0.403,-0.002048000,-0.002048000,-0.000499188
1540421406003,2018-10-24T18.50.06.003,0.504,-0.002048000,-0.002048000,-0.000499562
1540421406104,2018-10-24T18.50.06.104,0.605,-0.002048000,-0.002048000,-0.000499562
1540421406205,2018-10-24T18.50.06.205,0.706,-0.002048000,-0.002048000,-0.000498125
1540421406306,2018-10-24T18.50.06.306,0.807,-0.002048000,-0.002048000,-0.000500562
1540421406407,2018-10-24T18.50.06.407,0.908,-0.002048000,-0.002048000,-0.000500000
1540421406508,2018-10-24T18.50.06.508,1.009,-0.002048000,-0.002048000,-0.000499438
1540421406609,2018-10-24T18.50.06.609,1.110,-0.002048000,-0.002048000,-0.000500375
1540421406710,2018-10-24T18.50.06.710,1.211,-0.002048000,-0.002048000,-0.000499812
1540421406811,2018-10-24T18.50.06.811,1.312,-0.002048000,-0.002048000,-0.000499438
1540421406911,2018-10-24T18.50.06.911,1.412,-0.002048000,-0.002048000,-0.000500188
1540421407012,2018-10-24T18.50.07.012,1.513,-0.002048000,-0.002048000,-0.000499438
1540421407113,2018-10-24T18.50.07.113,1.614,-0.002048000,-0.002048000,-0.000499562
1540421407214,2018-10-24T18.50.07.214,1.715,-0.002048000,-0.002048000,-0.000498687
1540421407315,2018-10-24T18.50.07.315,1.816,-0.002048000,-0.002048000,-0.000499438
1540421407416,2018-10-24T18.50.07.416,1.917,-0.002048000,-0.002048000,-0.000499750
1540421407517,2018-10-24T18.50.07.517,2.018,-0.002048000,-0.002048000,-0.000499625
1540421407619,2018-10-24T18.50.07.619,2.120,-0.002048000,-0.002048000,-0.000499375
1540421407720,2018-10-24T18.50.07.720,2.221,-0.002048000,-0.002048000,-0.000499188
1540421407819,2018-10-24T18.50.07.819,2.320,-0.002048000,-0.002048000,-0.000499438
1540421407920,2018-10-24T18.50.07.920,2.421,-0.002048000,-0.002048000,-0.000499812
1540421408021,2018-10-24T18.50.08.021,2.522,-0.002048000,-0.002048000,-0.000497750
1540421408122,2018-10-24T18.50.08.122,2.623,-0.002048000,-0.002048000,-0.000498875
1540421408224,2018-10-24T18.50.08.224,2.725,-0.002048000,-0.002048000,-0.000499562
1540421408325,2018-10-24T18.50.08.325,2.826,-0.002048000,-0.002048000,-0.000498437
1540421408426,2018-10-24T18.50.08.426,2.927,-0.002048000,-0.002048000,-0.000499750
1540421408527,2018-10-24T18.50.08.527,3.028,-0.002048000,-0.002048000,-0.000499062
1540421408626,2018-10-24T18.50.08.626,3.127,-0.002048000,-0.002048000,-0.000499250
1540421408727,2018-10-24T18.50.08.727,3.228,-0.002048000,-0.002048000,-0.000498687
1540421408829,2018-10-24T18.50.08.829,3.330,-0.002048000,-0.002048000,-0.000499812
1540421408930,2018-10-24T18.50.08.930,3.431,-0.002048000,-0.002048000,-0.000499438
1540421409031,2018-10-24T18.50.09.031,3.532,-0.002048000,-0.002048000,-0.000500000
1540421409132,2018-10-24T18.50.09.132,3.633,-0.002048000,-0.002048000,-0.000499812
1540421409233,2018-10-24T18.50.09.233,3.734,-0.002048000,-0.002048000,-0.000498500
1540421409334,2018-10-24T18.50.09.334,3.835,-0.002048000,-0.002048000,-0.000499250
1540421409435,2018-10-24T18.50.09.435,3.936,-0.002048000,-0.002048000,-0.000499812
1540421409535,2018-10-24T18.50.09.535,4.036,-0.002048000,-0.002048000,-0.000498687
1540421409636,2018-10-24T18.50.09.636,4.137,-0.002048000,-0.002048000,-0.000499062
1540421409737,2018-10-24T18.50.09.737,4.238,-0.002048000,-0.002048000,-0.000497750
1540421409838,2018-10-24T18.50.09.838,4.339,-0.002048000,-0.002048000,-0.000497937
1540421409939,2018-10-24T18.50.09.939,4.440,-0.002048000,-0.002048000,-0.000498500
1540421410040,2018-10-24T18.50.10.040,4.541,-0.002048000,-0.002048000,-0.000498063
1540421410141,2018-10-24T18.50.10.141,4.642,-0.002048000,-0.002048000,-0.000497500
1540421410242,2018-10-24T18.50.10.242,4.743,-0.002048000,-0.002048000,-0.000499938
1540421410342,2018-10-24T18.50.10.342,4.843,-0.002048000,-0.002048000,-0.000500125
1540421410443,2018-10-24T18.50.10.443,4.944,-0.002048000,-0.002048000,-0.000499375
1540421410544,2018-10-24T18.50.10.544,5.045,-0.002048000,-0.002048000,-0.000499625
1540421410645,2018-10-24T18.50.10.645,5.146,-0.002048000,-0.002048000,-0.000499812
1540421410746,2018-10-24T18.50.10.746,5.247,-0.002048000,-0.002048000,-0.000500875
1540421410847,2018-10-24T18.50.10.847,5.348,-0.002048000,-0.002048000,-0.000500188
1540421410948,2018-10-24T18.50.10.948,5.449,-0.002048000,-0.002048000,-0.000500188
1540421411049,2018-10-24T18.50.11.049,5.550,-0.002048000,-0.002048000,-0.000499188
1540421411150,2018-10-24T18.50.11.150,5.651,-0.002048000,-0.002048000,-0.000499375
1540421411250,2018-10-24T18.50.11.250,5.751,-0.002048000,-0.002048000,-0.000498687
1540421411351,2018-10-24T18.50.11.351,5.852,-0.002048000,-0.002048000,-0.000499000
1540421411452,2018-10-24T18.50.11.452,5.953,-0.002048000,-0.002048000,-0.000498500
1540421411553,2018-10-24T18.50.11.553,6.054,-0.002048000,-0.002048000,-0.000497750
1540421411654,2018-10-24T18.50.11.654,6.155,-0.002048000,-0.002048000,-0.000498125
1540421411755,2018-10-24T18.50.11.755,6.256,-0.002048000,-0.002048000,-0.000498250
1540421411856,2018-10-24T18.50.11.856,6.357,-0.002048000,-0.002048000,-0.000498313
1540421411957,2018-10-24T18.50.11.957,6.458,-0.002048000,-0.002048000,-0.000498250
1540421412059,2018-10-24T18.50.12.059,6.560,-0.002048000,-0.002048000,-0.000497313
1540421412158,2018-10-24T18.50.12.158,6.659,-0.002048000,-0.002048000,-0.000498875
1540421412259,2018-10-24T18.50.12.259,6.760,-0.002048000,-0.002048000,-0.000498250
1540421412360,2018-10-24T18.50.12.360,6.861,-0.002048000,-0.002048000,-0.000498875
1540421412461,2018-10-24T18.50.12.461,6.962,-0.002048000,-0.002048000,-0.000498250
1540421412562,2018-10-24T18.50.12.562,7.063,-0.002048000,-0.002048000,-0.000497563
1540421412663,2018-10-24T18.50.12.663,7.164,-0.002048000,-0.002048000,-0.000498313
1540421412765,2018-10-24T18.50.12.765,7.266,-0.002048000,-0.002048000,-0.000497875
1540421412866,2018-10-24T18.50.12.866,7.367,-0.002048000,-0.002048000,-0.000495875
1540421412967,2018-10-24T18.50.12.967,7.468,-0.002048000,-0.002048000,-0.000493625
1540421413068,2018-10-24T18.50.13.068,7.569,-0.002048000,-0.002048000,-0.000499250
1540421413167,2018-10-24T18.50.13.167,7.668,-0.002048000,-0.002048000,-0.000503313
1540421413268,2018-10-24T18.50.13.268,7.769,-0.002048000,-0.002048000,-0.000509250
1540421413370,2018-10-24T18.50.13.370,7.871,-0.002048000,-0.002048000,-0.000512937
1540421413471,2018-10-24T18.50.13.471,7.972,-0.002048000,-0.002048000,-0.000514500
1540421413572,2018-10-24T18.50.13.572,8.073,-0.002048000,-0.002048000,-0.000513500
1540421413673,2018-10-24T18.50.13.673,8.174,-0.002048000,-0.002048000,-0.000514312
1540421413774,2018-10-24T18.50.13.774,8.275,-0.002048000,-0.002048000,-0.000511875
1540421413875,2018-10-24T18.50.13.875,8.376,-0.002048000,-0.002048000,-0.000505125
1540421413976,2018-10-24T18.50.13.976,8.477,-0.002048000,-0.002048000,-0.000500750
1540421414076,2018-10-24T18.50.14.076,8.577,-0.002048000,-0.002048000,-0.000495187
1540421414177,2018-10-24T18.50.14.177,8.678,-0.002048000,-0.002048000,-0.000490500
1540421414278,2018-10-24T18.50.14.278,8.779,-0.002048000,-0.002048000,-0.000488063
1540421414379,2018-10-24T18.50.14.379,8.880,-0.002048000,-0.002048000,-0.000487688
1540421414480,2018-10-24T18.50.14.480,8.981,-0.002048000,-0.002048000,-0.000489750
1540421414581,2018-10-24T18.50.14.581,9.082,-0.002048000,-0.002048000,-0.000501125
1540421414682,2018-10-24T18.50.14.682,9.183,-0.002048000,-0.002048000,-0.000509062
1540421414783,2018-10-24T18.50.14.783,9.284,-0.002048000,-0.002048000,-0.000509438
1540421414884,2018-10-24T18.50.14.884,9.385,-0.002048000,-0.002048000,-0.000509438
1540421414984,2018-10-24T18.50.14.984,9.485,-0.002048000,-0.002048000,-0.000502750
1540421415085,2018-10-24T18.50.15.085,9.586,-0.002048000,-0.002048000,-0.000493625
1540421415186,2018-10-24T18.50.15.186,9.687,-0.002048000,-0.002048000,-0.000486437
1540421415287,2018-10-24T18.50.15.287,9.788,-0.002048000,-0.002048000,-0.000481500
1540421415388,2018-10-24T18.50.15.388,9.889,-0.002048000,-0.002048000,-0.000479312
1540421415489,2018-10-24T18.50.15.489,9.990,-0.002048000,-0.002048000,-0.000480438
1540421415590,2018-10-24T18.50.15.590,10.091,-0.002048000,-0.002048000,-0.000491250
1540421415691,2018-10-24T18.50.15.691,10.192,-0.002048000,-0.002048000,-0.000501250
1540421415792,2018-10-24T18.50.15.792,10.293,-0.002048000,-0.002048000,-0.000503000
1540421415892,2018-10-24T18.50.15.892,10.393,-0.002048000,-0.002048000,-0.000500125
1540421415993,2018-10-24T18.50.15.993,10.494,-0.002048000,-0.002048000,-0.000497750
1540421416094,2018-10-24T18.50.16.094,10.595,-0.002048000,-0.002048000,-0.000491063
1540421416195,2018-10-24T18.50.16.195,10.696,-0.002048000,-0.002048000,-0.000482687
1540421416296,2018-10-24T18.50.16.296,10.797,-0.002048000,-0.002048000,-0.000474187
1540421416397,2018-10-24T18.50.16.397,10.898,-0.002048000,-0.002048000,-0.000468187
1540421416498,2018-10-24T18.50.16.498,10.999,-0.002048000,-0.002048000,-0.000471187
1540421416600,2018-10-24T18.50.16.600,11.101,-0.002048000,-0.002048000,-0.000483938
1540421416699,2018-10-24T18.50.16.699,11.200,-0.002048000,-0.002048000,-0.000494750
1540421416800,2018-10-24T18.50.16.800,11.301,-0.002048000,-0.002048000,-0.000498375
1540421416901,2018-10-24T18.50.16.901,11.402,-0.002048000,-0.002048000,-0.000500375
1540421417002,2018-10-24T18.50.17.002,11.503,-0.002048000,-0.002048000,-0.000498313
1540421417103,2018-10-24T18.50.17.103,11.604,-0.002048000,-0.002048000,-0.000490875
1540421417205,2018-10-24T18.50.17.205,11.706,-0.002048000,-0.002048000,-0.000483625
1540421417306,2018-10-24T18.50.17.306,11.807,-0.002048000,-0.002048000,-0.000476063
1540421417407,2018-10-24T18.50.17.407,11.908,-0.002048000,-0.002048000,-0.000471000
1540421417506,2018-10-24T18.50.17.506,12.007,-0.002048000,-0.002048000,-0.000472875
1540421417607,2018-10-24T18.50.17.607,12.108,-0.002048000,-0.002048000,-0.000482125
1540421417708,2018-10-24T18.50.17.708,12.209,-0.002048000,-0.002048000,-0.000489375
1540421417809,2018-10-24T18.50.17.809,12.310,-0.002048000,-0.002048000,-0.000495187
1540421417911,2018-10-24T18.50.17.911,12.412,-0.002048000,-0.002048000,-0.000500188
1540421418012,2018-10-24T18.50.18.012,12.513,-0.002048000,-0.002048000,-0.000499062
1540421418113,2018-10-24T18.50.18.113,12.614,-0.002048000,-0.002048000,-0.000497000
1540421418214,2018-10-24T18.50.18.214,12.715,-0.002048000,-0.002048000,-0.000489250
1540421418315,2018-10-24T18.50.18.315,12.816,-0.002048000,-0.002048000,-0.000483250
1540421418414,2018-10-24T18.50.18.414,12.915,-0.002048000,-0.002048000,-0.000478750
1540421418516,2018-10-24T18.50.18.516,13.017,-0.002048000,-0.002048000,-0.000479688
1540421418617,2018-10-24T18.50.18.617,13.118,-0.002048000,-0.002048000,-0.000491188
1540421418718,2018-10-24T18.50.18.718,13.219,-0.002048000,-0.002048000,-0.000500875
1540421418819,2018-10-24T18.50.18.819,13.320,-0.002048000,-0.002048000,-0.000505000
1540421418920,2018-10-24T18.50.18.920,13.421,-0.002048000,-0.002048000,-0.000501125
1540421419021,2018-10-24T18.50.19.021,13.522,-0.002048000,-0.002048000,-0.000498812
1540421419122,2018-10-24T18.50.19.122,13.623,-0.002048000,-0.002048000,-0.000494750
1540421419223,2018-10-24T18.50.19.223,13.724,-0.002048000,-0.002048000,-0.000485125
1540421419323,2018-10-24T18.50.19.323,13.824,-0.002048000,-0.002048000,-0.000478750
1540421419424,2018-10-24T18.50.19.424,13.925,-0.002048000,-0.002048000,-0.000474750
1540421419525,2018-10-24T18.50.19.525,14.026,-0.002048000,-0.002048000,-0.000481937
1540421419626,2018-10-24T18.50.19.626,14.127,-0.002048000,-0.002048000,-0.000494375
1540421419727,2018-10-24T18.50.19.727,14.228,-0.002048000,-0.002048000,-0.000503937
1540421419828,2018-10-24T18.50.19.828,14.329,-0.002048000,-0.002048000,-0.000513375
1540421419929,2018-10-24T18.50.19.929,14.430,-0.002048000,-0.002048000,-0.000520187
1540421420030,2018-10-24T18.50.20.030,14.531,-0.002048000,-0.002048000,-0.000517125
1540421420131,2018-10-24T18.50.20.131,14.632,-0.002048000,-0.002048000,-0.000512063
1540421420231,2018-10-24T18.50.20.231,14.732,-0.002048000,-0.002048000,-0.000504250
1540421420332,2018-10-24T18.50.20.332,14.833,-0.002048000,-0.002048000,-0.000500375
1540421420433,2018-10-24T18.50.20.433,14.934,-0.002048000,-0.002048000,-0.000504125
1540421420534,2018-10-24T18.50.20.534,15.035,-0.002048000,-0.002048000,-0.000513937
1540421420635,2018-10-24T18.50.20.635,15.136,-0.002048000,-0.002048000,-0.000521687
1540421420736,2018-10-24T18.50.20.736,15.237,-0.002048000,-0.002048000,-0.000528750
1540421420837,2018-10-24T18.50.20.837,15.338,-0.002048000,-0.002048000,-0.000528750
1540421420938,2018-10-24T18.50.20.938,15.439,-0.002048000,-0.002048000,-0.000527250
1540421421039,2018-10-24T18.50.21.039,15.540,-0.002048000,-0.002048000,-0.000523438
1540421421139,2018-10-24T18.50.21.139,15.640,-0.002048000,-0.002048000,-0.000517062
1540421421240,2018-10-24T18.50.21.240,15.741,-0.002048000,-0.002048000,-0.000510250
1540421421341,2018-10-24T18.50.21.341,15.842,-0.002048000,-0.002048000,-0.000504875
1540421421442,2018-10-24T18.50.21.442,15.943,-0.002048000,-0.002048000,-0.000505000
1540421421543,2018-10-24T18.50.21.543,16.044,-0.002048000,-0.002048000,-0.000516000
1540421421644,2018-10-24T18.50.21.644,16.145,-0.002048000,-0.002048000,-0.000526000
1540421421746,2018-10-24T18.50.21.746,16.247,-0.002048000,-0.002048000,-0.000533188
1540421421847,2018-10-24T18.50.21.847,16.348,-0.002048000,-0.002048000,-0.000537812
1540421421948,2018-10-24T18.50.21.948,16.449,-0.002048000,-0.002048000,-0.000535813
1540421422047,2018-10-24T18.50.22.047,16.548,-0.002048000,-0.002048000,-0.000529688
1540421422148,2018-10-24T18.50.22.148,16.649,-0.002048000,-0.002048000,-0.000527250
1540421422249,2018-10-24T18.50.22.249,16.750,-0.002048000,-0.002048000,-0.000520937
1540421422351,2018-10-24T18.50.22.351,16.852,-0.002048000,-0.002048000,-0.000516688
1540421422452,2018-10-24T18.50.22.452,16.953,-0.002048000,-0.002048000,-0.000510563
1540421422553,2018-10-24T18.50.22.553,17.054,-0.002048000,-0.002048000,-0.000506438
1540421422654,2018-10-24T18.50.22.654,17.155,-0.002048000,-0.002048000,-0.000507188
1540421422755,2018-10-24T18.50.22.755,17.256,-0.002048000,-0.002048000,-0.000514125
1540421422856,2018-10-24T18.50.22.856,17.357,-0.002048000,-0.002048000,-0.000523000
1540421422957,2018-10-24T18.50.22.957,17.458,-0.002048000,-0.002048000,-0.000522500
1540421423057,2018-10-24T18.50.23.057,17.558,-0.002048000,-0.002048000,-0.000518000
1540421423158,2018-10-24T18.50.23.158,17.659,-0.002048000,-0.002048000,-0.000509500
1540421423259,2018-10-24T18.50.23.259,17.760,-0.002048000,-0.002048000,-0.000503375
1540421423360,2018-10-24T18.50.23.360,17.861,-0.002048000,-0.002048000,-0.000501062
1540421423461,2018-10-24T18.50.23.461,17.962,-0.002048000,-0.002048000,-0.000499812
1540421423562,2018-10-24T18.50.23.562,18.063,-0.002048000,-0.002048000,-0.000498687
1540421423663,2018-10-24T18.50.23.663,18.164,-0.002048000,-0.002048000,-0.000500500
1540421423764,2018-10-24T18.50.23.764,18.265,-0.002048000,-0.002048000,-0.000499438
1540421423865,2018-10-24T18.50.23.865,18.366,-0.002048000,-0.002048000,-0.000497250
1540421423966,2018-10-24T18.50.23.966,18.467,-0.002048000,-0.002048000,-0.000493375
1540421424066,2018-10-24T18.50.24.066,18.567,-0.002048000,-0.002048000,-0.000494188
1540421424167,2018-10-24T18.50.24.167,18.668,-0.002048000,-0.002048000,-0.000493750
1540421424268,2018-10-24T18.50.24.268,18.769,-0.002048000,-0.002048000,-0.000493000
1540421424369,2018-10-24T18.50.24.369,18.870,-0.002048000,-0.002048000,-0.000494188
1540421424470,2018-10-24T18.50.24.470,18.971,-0.002048000,-0.002048000,-0.000492562
1540421424571,2018-10-24T18.50.24.571,19.072,-0.002048000,-0.002048000,-0.000492625
1540421424672,2018-10-24T18.50.24.672,19.173,-0.002048000,-0.002048000,-0.000491875
1540421424773,2018-10-24T18.50.24.773,19.274,-0.002048000,-0.002048000,-0.000493000
1540421424874,2018-10-24T18.50.24.874,19.375,-0.002048000,-0.002048000,-0.000492750
1540421424976,2018-10-24T18.50.24.976,19.477,-0.002048000,-0.002048000,-0.000491500
1540421425075,2018-10-24T18.50.25.075,19.576,-0.002048000,-0.002048000,-0.000492188
1540421425176,2018-10-24T18.50.25.176,19.677,-0.002048000,-0.002048000,-0.000493000
1540421425277,2018-10-24T18.50.25.277,19.778,-0.002048000,-0.002048000,-0.000492938
1540421425378,2018-10-24T18.50.25.378,19.879,-0.002048000,-0.002048000,-0.000492812
1540421425479,2018-10-24T18.50.25.479,19.980,-0.002048000,-0.002048000,-0.000493000
1540421425580,2018-10-24T18.50.25.580,20.081,-0.002048000,-0.002048000,-0.000491875
1540421425682,2018-10-24T18.50.25.682,20.183,-0.002048000,-0.002048000,-0.000491688
1540421425783,2018-10-24T18.50.25.783,20.284,-0.002048000,-0.002048000,-0.000492562
1540421425884,2018-10-24T18.50.25.884,20.385,-0.002048000,-0.002048000,-0.000492625
1540421425983,2018-10-24T18.50.25.983,20.484,-0.002048000,-0.002048000,-0.000492188
1540421426084,2018-10-24T18.50.26.084,20.585,-0.002048000,-0.002048000,-0.000491312
1540421426185,2018-10-24T18.50.26.185,20.686,-0.002048000,-0.002048000,-0.000492250
1540421426287,2018-10-24T18.50.26.287,20.788,-0.002048000,-0.002048000,-0.000492250
1540421426388,2018-10-24T18.50.26.388,20.889,-0.002048000,-0.002048000,-0.000493312
1540421426489,2018-10-24T18.50.26.489,20.990,-0.002048000,-0.002048000,-0.000493688
1540421426590,2018-10-24T18.50.26.590,21.091,-0.002048000,-0.002048000,-0.000492938
1540421426691,2018-10-24T18.50.26.691,21.192,-0.002048000,-0.002048000,-0.000494188
1540421426792,2018-10-24T18.50.26.792,21.293,-0.002048000,-0.002048000,-0.000493500
1540421426892,2018-10-24T18.50.26.892,21.393,-0.002048000,-0.002048000,-0.000494188
1540421426993,2018-10-24T18.50.26.993,21.494,-0.002048000,-0.002048000,-0.000493562
1540421427094,2018-10-24T18.50.27.094,21.595,-0.002048000,-0.002048000,-0.000495500
1540421427195,2018-10-24T18.50.27.195,21.696,-0.002048000,-0.002048000,-0.000494312
1540421427296,2018-10-24T18.50.27.296,21.797,-0.002048000,-0.002048000,-0.000494938
1540421427397,2018-10-24T18.50.27.397,21.898,-0.002048000,-0.002048000,-0.000495313
1540421427498,2018-10-24T18.50.27.498,21.999,-0.002048000,-0.002048000,-0.000494188
1540421427599,2018-10-24T18.50.27.599,22.100,-0.002048000,-0.002048000,-0.000495500
1540421427699,2018-10-24T18.50.27.699,22.200,-0.002048000,-0.002048000,-0.000495875
1540421427800,2018-10-24T18.50.27.800,22.301,-0.002048000,-0.002048000,-0.000496125
1540421427901,2018-10-24T18.50.27.901,22.402,-0.002048000,-0.002048000,-0.000495687
1540421428002,2018-10-24T18.50.28.002,22.503,-0.002048000,-0.002048000,-0.000494438
1540421428103,2018-10-24T18.50.28.103,22.604,-0.002048000,-0.002048000,-0.000494562
1540421428204,2018-10-24T18.50.28.204,22.705,-0.002048000,-0.002048000,-0.000494500
1540421428305,2018-10-24T18.50.28.305,22.806,-0.002048000,-0.002048000,-0.000493938
1540421428406,2018-10-24T18.50.28.406,22.907,-0.002048000,-0.002048000,-0.000494938
1540421428506,2018-10-24T18.50.28.506,23.007,-0.002048000,-0.002048000,-0.000494688
1540421428607,2018-10-24T18.50.28.607,23.108,-0.002048000,-0.002048000,-0.000496250
1540421428708,2018-10-24T18.50.28.708,23.209,-0.002048000,-0.002048000,-0.000495375
1540421428809,2018-10-24T18.50.28.809,23.310,-0.002048000,-0.002048000,-0.000496125
1540421428910,2018-10-24T18.50.28.910,23.411,-0.002048000,-0.002048000,-0.000495750
1540421429011,2018-10-24T18.50.29.011,23.512,-0.002048000,-0.002048000,-0.000497563
1540421429112,2018-10-24T18.50.29.112,23.613,-0.002048000,-0.002048000,-0.000497000
1540421429213,2018-10-24T18.50.29.213,23.714,-0.002048000,-0.002048000,-0.000495687
1540421429314,2018-10-24T18.50.29.314,23.815,-0.002048000,-0.002048000,-0.000496063
1540421429414,2018-10-24T18.50.29.414,23.915,-0.002048000,-0.002048000,-0.000496437
1540421429515,2018-10-24T18.50.29.515,24.016,-0.002048000,-0.002048000,-0.000497187
1540421429616,2018-10-24T18.50.29.616,24.117,-0.002048000,-0.002048000,-0.000495500
1540421429717,2018-10-24T18.50.29.717,24.218,-0.002048000,-0.002048000,-0.000491438
1540421429818,2018-10-24T18.50.29.818,24.319,-0.002048000,-0.002048000,-0.000501125
1540421429919,2018-10-24T18.50.29.919,24.420,-0.002048000,-0.002048000,-0.000504625
1540421430020,2018-10-24T18.50.30.020,24.521,-0.002048000,-0.002048000,-0.000509438
1540421430121,2018-10-24T18.50.30.121,24.622,-0.002048000,-0.002048000,-0.000512563
1540421430221,2018-10-24T18.50.30.221,24.722,-0.002048000,-0.002048000,-0.000511875
1540421430322,2018-10-24T18.50.30.322,24.823,-0.002048000,-0.002048000,-0.000510563
1540421430423,2018-10-24T18.50.30.423,24.924,-0.002048000,-0.002048000,-0.000503937
1540421430524,2018-10-24T18.50.30.524,25.025,-0.002048000,-0.002048000,-0.000497000
1540421430625,2018-10-24T18.50.30.625,25.126,-0.002048000,-0.002048000,-0.000492438
1540421430726,2018-10-24T18.50.30.726,25.227,-0.002048000,-0.002048000,-0.000485687
1540421430828,2018-10-24T18.50.30.828,25.329,-0.002048000,-0.002048000,-0.000484938
1540421430929,2018-10-24T18.50.30.929,25.430,-0.002048000,-0.002048000,-0.000490000
1540421431028,2018-10-24T18.50.31.028,25.529,-0.002048000,-0.002048000,-0.000498687
1540421431129,2018-10-24T18.50.31.129,25.630,-0.002048000,-0.002048000,-0.000507938
1540421431230,2018-10-24T18.50.31.230,25.731,-0.002048000,-0.002048000,-0.000507750
1540421431331,2018-10-24T18.50.31.331,25.832,-0.002048000,-0.002048000,-0.000506500
1540421431433,2018-10-24T18.50.31.433,25.934,-0.002048000,-0.002048000,-0.000502625
1540421431534,2018-10-24T18.50.31.534,26.035,-0.002048000,-0.002048000,-0.000493500
1540421431635,2018-10-24T18.50.31.635,26.136,-0.002048000,-0.002048000,-0.000488313
1540421431736,2018-10-24T18.50.31.736,26.237,-0.002048000,-0.002048000,-0.000482062
1540421431835,2018-10-24T18.50.31.835,26.336,-0.002048000,-0.002048000,-0.000478125
1540421431936,2018-10-24T18.50.31.936,26.437,-0.002048000,-0.002048000,-0.000480375
1540421432038,2018-10-24T18.50.32.038,26.539,-0.002048000,-0.002048000,-0.000488500
1540421432139,2018-10-24T18.50.32.139,26.640,-0.002048000,-0.002048000,-0.000494312
1540421432240,2018-10-24T18.50.32.240,26.741,-0.002048000,-0.002048000,-0.000496000
1540421432341,2018-10-24T18.50.32.341,26.842,-0.002048000,-0.002048000,-0.000492438
1540421432442,2018-10-24T18.50.32.442,26.943,-0.002048000,-0.002048000,-0.000490375
1540421432543,2018-10-24T18.50.32.543,27.044,-0.002048000,-0.002048000,-0.000481687
1540421432642,2018-10-24T18.50.32.642,27.143,-0.002048000,-0.002048000,-0.000477563
1540421432744,2018-10-24T18.50.32.744,27.245,-0.002048000,-0.002048000,-0.000473750
1540421432845,2018-10-24T18.50.32.845,27.346,-0.002048000,-0.002048000,-0.000470375
1540421432946,2018-10-24T18.50.32.946,27.447,-0.002048000,-0.002048000,-0.000473750
1540421433047,2018-10-24T18.50.33.047,27.548,-0.002048000,-0.002048000,-0.000484063
1540421433148,2018-10-24T18.50.33.148,27.649,-0.002048000,-0.002048000,-0.000496313
1540421433249,2018-10-24T18.50.33.249,27.750,-0.002048000,-0.002048000,-0.000498125
1540421433350,2018-10-24T18.50.33.350,27.851,-0.002048000,-0.002048000,-0.000499250
1540421433451,2018-10-24T18.50.33.451,27.952,-0.002048000,-0.002048000,-0.000496125
1540421433551,2018-10-24T18.50.33.551,28.052,-0.002048000,-0.002048000,-0.000489125
1540421433652,2018-10-24T18.50.33.652,28.153,-0.002048000,-0.002048000,-0.000479813
1540421433753,2018-10-24T18.50.33.753,28.254,-0.002048000,-0.002048000,-0.000472188
1540421433854,2018-10-24T18.50.33.854,28.355,-0.002048000,-0.002048000,-0.000466250
1540421433955,2018-10-24T18.50.33.955,28.456,-0.002048000,-0.002048000,-0.000471125
1540421434056,2018-10-24T18.50.34.056,28.557,-0.002048000,-0.002048000,-0.000480938
1540421434157,2018-10-24T18.50.34.157,28.658,-0.002048000,-0.002048000,-0.000487625
1540421434258,2018-10-24T18.50.34.258,28.759,-0.002048000,-0.002048000,-0.000490187
1540421434359,2018-10-24T18.50.34.359,28.860,-0.002048000,-0.002048000,-0.000489250
1540421434459,2018-10-24T18.50.34.459,28.960,-0.002048000,-0.002048000,-0.000488687
1540421434560,2018-10-24T18.50.34.560,29.061,-0.002048000,-0.002048000,-0.000482062
1540421434661,2018-10-24T18.50.34.661,29.162,-0.002048000,-0.002048000,-0.000475312
1540421434762,2018-10-24T18.50.34.762,29.263,-0.002048000,-0.002048000,-0.000470063
1540421434863,2018-10-24T18.50.34.863,29.364,-0.002048000,-0.002048000,-0.000472063
1540421434964,2018-10-24T18.50.34.964,29.465,-0.002048000,-0.002048000,-0.000482187
1540421435065,2018-10-24T18.50.35.065,29.566,-0.002048000,-0.002048000,-0.000492750
1540421435165,2018-10-24T18.50.35.165,29.666,-0.002048000,-0.002048000,-0.000498500
1540421435266,2018-10-24T18.50.35.266,29.767,-0.002048000,-0.002048000,-0.000499812
1540421435367,2018-10-24T18.50.35.367,29.868,-0.002048000,-0.002048000,-0.000493375
1540421435468,2018-10-24T18.50.35.468,29.969,-0.002048000,-0.002048000,-0.000491688
1540421435569,2018-10-24T18.50.35.569,30.070,-0.002048000,-0.002048000,-0.000487062
1540421435670,2018-10-24T18.50.35.670,30.171,-0.002048000,-0.002048000,-0.000482312
1540421435771,2018-10-24T18.50.35.771,30.272,-0.002048000,-0.002048000,-0.000476938
1540421435872,2018-10-24T18.50.35.872,30.373,-0.002048000,-0.002048000,-0.000475812
1540421435972,2018-10-24T18.50.35.972,30.473,-0.002048000,-0.002048000,-0.000481313
1540421436073,2018-10-24T18.50.36.073,30.574,-0.002048000,-0.002048000,-0.000487062
1540421436174,2018-10-24T18.50.36.174,30.675,-0.002048000,-0.002048000,-0.000488500
1540421436275,2018-10-24T18.50.36.275,30.776,-0.002048000,-0.002048000,-0.000487750
1540421436376,2018-10-24T18.50.36.376,30.877,-0.002048000,-0.002048000,-0.000486625
1540421436477,2018-10-24T18.50.36.477,30.978,-0.002048000,-0.002048000,-0.000483750
1540421436579,2018-10-24T18.50.36.579,31.080,-0.002048000,-0.002048000,-0.000480188
1540421436680,2018-10-24T18.50.36.680,31.181,-0.002048000,-0.002048000,-0.000476438
1540421436781,2018-10-24T18.50.36.781,31.282,-0.002048000,-0.002048000,-0.000470937
1540421436880,2018-10-24T18.50.36.880,31.381,-0.002048000,-0.002048000,-0.000468000
1540421436981,2018-10-24T18.50.36.981,31.482,-0.002048000,-0.002048000,-0.000467312
1540421437082,2018-10-24T18.50.37.082,31.583,-0.002048000,-0.002048000,-0.000469563
1540421437184,2018-10-24T18.50.37.184,31.685,-0.002048000,-0.002048000,-0.000481875
1540421437285,2018-10-24T18.50.37.285,31.786,-0.002048000,-0.002048000,-0.000487563
1540421437386,2018-10-24T18.50.37.386,31.887,-0.002048000,-0.002048000,-0.000489313
1540421437487,2018-10-24T18.50.37.487,31.988,-0.002048000,-0.002048000,-0.000486687
1540421437588,2018-10-24T18.50.37.588,32.089,-0.002048000,-0.002048000,-0.000484625
1540421437687,2018-10-24T18.50.37.687,32.188,-0.002048000,-0.002048000,-0.000479500
1540421437788,2018-10-24T18.50.37.788,32.289,-0.002048000,-0.002048000,-0.000473938
1540421437890,2018-10-24T18.50.37.890,32.391,-0.002048000,-0.002048000,-0.000470187
1540421437991,2018-10-24T18.50.37.991,32.492,-0.002048000,-0.002048000,-0.000464750
1540421438092,2018-10-24T18.50.38.092,32.593,-0.002048000,-0.002048000,-0.000461813
1540421438193,2018-10-24T18.50.38.193,32.694,-0.002048000,-0.002048000,-0.000466000
1540421438294,2018-10-24T18.50.38.294,32.795,-0.002048000,-0.002048000,-0.000477125
1540421438395,2018-10-24T18.50.38.395,32.896,-0.002048000,-0.002048000,-0.000486750
1540421438495,2018-10-24T18.50.38.495,32.996,-0.002048000,-0.002048000,-0.000490250
1540421438596,2018-10-24T18.50.38.596,33.097,-0.002048000,-0.002048000,-0.000492062
1540421438697,2018-10-24T18.50.38.697,33.198,-0.002048000,-0.002048000,-0.000491500
1540421438798,2018-10-24T18.50.38.798,33.299,-0.002048000,-0.002048000,-0.000488563
1540421438899,2018-10-24T18.50.38.899,33.400,-0.002048000,-0.002048000,-0.000483000
1540421439000,2018-10-24T18.50.39.000,33.501,-0.002048000,-0.002048000,-0.000477875
1540421439101,2018-10-24T18.50.39.101,33.602,-0.002048000,-0.002048000,-0.000472625
1540421439202,2018-10-24T18.50.39.202,33.703,-0.002048000,-0.002048000,-0.000473938
1540421439303,2018-10-24T18.50.39.303,33.804,-0.002048000,-0.002048000,-0.000489250
1540421439403,2018-10-24T18.50.39.403,33.904,-0.002048000,-0.002048000,-0.000501188
1540421439504,2018-10-24T18.50.39.504,34.005,-0.002048000,-0.002048000,-0.000509875
1540421439605,2018-10-24T18.50.39.605,34.106,-0.002048000,-0.002048000,-0.000515438
1540421439706,2018-10-24T18.50.39.706,34.207,-0.002048000,-0.002048000,-0.000510750
1540421439807,2018-10-24T18.50.39.807,34.308,-0.002048000,-0.002048000,-0.000512063
1540421439908,2018-10-24T18.50.39.908,34.409,-0.002048000,-0.002048000,-0.000507562
1540421440009,2018-10-24T18.50.40.009,34.510,-0.002048000,-0.002048000,-0.000503000
1540421440110,2018-10-24T18.50.40.110,34.611,-0.002048000,-0.002048000,-0.000500188
1540421440210,2018-10-24T18.50.40.210,34.711,-0.002048000,-0.002048000,-0.000496875
1540421440311,2018-10-24T18.50.40.311,34.812,-0.002048000,-0.002048000,-0.000494688
1540421440412,2018-10-24T18.50.40.412,34.913,-0.002048000,-0.002048000,-0.000510937
1540421440513,2018-10-24T18.50.40.513,35.014,-0.002048000,-0.002048000,-0.000522375
1540421440614,2018-10-24T18.50.40.614,35.115,-0.002048000,-0.002048000,-0.000527250
1540421440715,2018-10-24T18.50.40.715,35.216,-0.002048000,-0.002048000,-0.000532625
1540421440816,2018-10-24T18.50.40.816,35.317,-0.002048000,-0.002048000,-0.000530000
1540421440917,2018-10-24T18.50.40.917,35.418,-0.002048000,-0.002048000,-0.000520437
1540421441018,2018-10-24T18.50.41.018,35.519,-0.002048000,-0.002048000,-0.000514875
1540421441118,2018-10-24T18.50.41.118,35.619,-0.002048000,-0.002048000,-0.000512625
1540421441219,2018-10-24T18.50.41.219,35.720,-0.002048000,-0.002048000,-0.000509250
1540421441320,2018-10-24T18.50.41.320,35.821,-0.002048000,-0.002048000,-0.000507750
1540421441421,2018-10-24T18.50.41.421,35.922,-0.002048000,-0.002048000,-0.000501938
1540421441522,2018-10-24T18.50.41.522,36.023,-0.002048000,-0.002048000,-0.000497813
1540421441623,2018-10-24T18.50.41.623,36.124,-0.002048000,-0.002048000,-0.000499500
1540421441725,2018-10-24T18.50.41.725,36.226,-0.002048000,-0.002048000,-0.000510937
1540421441826,2018-10-24T18.50.41.826,36.327,-0.002048000,-0.002048000,-0.000518875
1540421441927,2018-10-24T18.50.41.927,36.428,-0.002048000,-0.002048000,-0.000522438
1540421442026,2018-10-24T18.50.42.026,36.527,-0.002048000,-0.002048000,-0.000519437
1540421442127,2018-10-24T18.50.42.127,36.628,-0.002048000,-0.002048000,-0.000520000
1540421442228,2018-10-24T18.50.42.228,36.729,-0.002048000,-0.002048000,-0.000515250
1540421442330,2018-10-24T18.50.42.330,36.831,-0.002048000,-0.002048000,-0.000514438
1540421442431,2018-10-24T18.50.42.431,36.932,-0.002048000,-0.002048000,-0.000509250
1540421442532,2018-10-24T18.50.42.532,37.033,-0.002048000,-0.002048000,-0.000510625
1540421442633,2018-10-24T18.50.42.633,37.134,-0.002048000,-0.002048000,-0.000512625
1540421442734,2018-10-24T18.50.42.734,37.235,-0.002048000,-0.002048000,-0.000514063
1540421442833,2018-10-24T18.50.42.833,37.334,-0.002048000,-0.002048000,-0.000511875
1540421442934,2018-10-24T18.50.42.934,37.435,-0.002048000,-0.002048000,-0.000513375
1540421443036,2018-10-24T18.50.43.036,37.537,-0.002048000,-0.002048000,-0.000504437
1540421443137,2018-10-24T18.50.43.137,37.638,-0.002048000,-0.002048000,-0.000497500
1540421443238,2018-10-24T18.50.43.238,37.739,-0.002048000,-0.002048000,-0.000506500
1540421443339,2018-10-24T18.50.43.339,37.840,-0.002048000,-0.002048000,-0.000513000
1540421443440,2018-10-24T18.50.43.440,37.941,-0.002048000,-0.002048000,-0.000515250
1540421443541,2018-10-24T18.50.43.541,38.042,-0.002048000,-0.002048000,-0.000512750
1540421443641,2018-10-24T18.50.43.641,38.142,-0.002048000,-0.002048000,-0.000513875
1540421443742,2018-10-24T18.50.43.742,38.243,-0.002048000,-0.002048000,-0.000510062
1540421443843,2018-10-24T18.50.43.843,38.344,-0.002048000,-0.002048000,-0.000504313
1540421443944,2018-10-24T18.50.43.944,38.445,-0.002048000,-0.002048000,-0.000498375
1540421444045,2018-10-24T18.50.44.045,38.546,-0.002048000,-0.002048000,-0.000500000
1540421444146,2018-10-24T18.50.44.146,38.647,-0.002048000,-0.002048000,-0.000504250
1540421444247,2018-10-24T18.50.44.247,38.748,-0.002048000,-0.002048000,-0.000511875
1540421444348,2018-10-24T18.50.44.348,38.849,-0.002048000,-0.002048000,-0.000513187
1540421444448,2018-10-24T18.50.44.448,38.949,-0.002048000,-0.002048000,-0.000518687
1540421444549,2018-10-24T18.50.44.549,39.050,-0.002048000,-0.002048000,-0.000522812
1540421444650,2018-10-24T18.50.44.650,39.151,-0.002048000,-0.002048000,-0.000515375
1540421444751,2018-10-24T18.50.44.751,39.252,-0.002048000,-0.002048000,-0.000513125
1540421444852,2018-10-24T18.50.44.852,39.353,-0.002048000,-0.002048000,-0.000514312
1540421444953,2018-10-24T18.50.44.953,39.454,-0.002048000,-0.002048000,-0.000512250
1540421445054,2018-10-24T18.50.45.054,39.555,-0.002048000,-0.002048000,-0.000503563
1540421445155,2018-10-24T18.50.45.155,39.656,-0.002048000,-0.002048000,-0.000503750
1540421445255,2018-10-24T18.50.45.255,39.756,-0.002048000,-0.002048000,-0.000510750
1540421445356,2018-10-24T18.50.45.356,39.857,-0.002048000,-0.002048000,-0.000518500
1540421445457,2018-10-24T18.50.45.457,39.958,-0.002048000,-0.002048000,-0.000527563
1540421445558,2018-10-24T18.50.45.558,40.059,-0.002048000,-0.002048000,-0.000531625
1540421445659,2018-10-24T18.50.45.659,40.160,-0.002048000,-0.002048000,-0.000535125
1540421445760,2018-10-24T18.50.45.760,40.261,-0.002048000,-0.002048000,-0.000530375
1540421445861,2018-10-24T18.50.45.861,40.362,-0.002048000,-0.002048000,-0.000525062
1540421445962,2018-10-24T18.50.45.962,40.463,-0.002048000,-0.002048000,-0.000520937
1540421446063,2018-10-24T18.50.46.063,40.564,-0.002048000,-0.002048000,-0.000516812
1540421446163,2018-10-24T18.50.46.163,40.664,-0.002048000,-0.002048000,-0.000510813
1540421446264,2018-10-24T18.50.46.264,40.765,-0.002048000,-0.002048000,-0.000503937
1540421446365,2018-10-24T18.50.46.365,40.866,-0.002048000,-0.002048000,-0.000505937
1540421446466,2018-10-24T18.50.46.466,40.967,-0.002048000,-0.002048000,-0.000506750
1540421446567,2018-10-24T18.50.46.567,41.068,-0.002048000,-0.002048000,-0.000515750
1540421446668,2018-10-24T18.50.46.668,41.169,-0.002048000,-0.002048000,-0.000523375
1540421446769,2018-10-24T18.50.46.769,41.270,-0.002048000,-0.002048000,-0.000525813
1540421446871,2018-10-24T18.50.46.871,41.372,-0.002048000,-0.002048000,-0.000527187
1540421446970,2018-10-24T18.50.46.970,41.471,-0.002048000,-0.002048000,-0.000522250
1540421447071,2018-10-24T18.50.47.071,41.572,-0.002048000,-0.002048000,-0.000512813
1540421447172,2018-10-24T18.50.47.172,41.673,-0.002048000,-0.002048000,-0.000505813
1540421447273,2018-10-24T18.50.47.273,41.774,-0.002048000,-0.002048000,-0.000496000
1540421447374,2018-10-24T18.50.47.374,41.875,-0.002048000,-0.002048000,-0.000492625
1540421447476,2018-10-24T18.50.47.476,41.977,-0.002048000,-0.002048000,-0.000491188
1540421447577,2018-10-24T18.50.47.577,42.078,-0.002048000,-0.002048000,-0.000501125
1540421447676,2018-10-24T18.50.47.676,42.177,-0.002048000,-0.002048000,-0.000509875
1540421447777,2018-10-24T18.50.47.777,42.278,-0.002048000,-0.002048000,-0.000512437
1540421447878,2018-10-24T18.50.47.878,42.379,-0.002048000,-0.002048000,-0.000512937
1540421447979,2018-10-24T18.50.47.979,42.480,-0.002048000,-0.002048000,-0.000511563
1540421448080,2018-10-24T18.50.48.080,42.581,-0.002048000,-0.002048000,-0.000505187
1540421448182,2018-10-24T18.50.48.182,42.683,-0.002048000,-0.002048000,-0.000497937
1540421448283,2018-10-24T18.50.48.283,42.784,-0.002048000,-0.002048000,-0.000491000
1540421448384,2018-10-24T18.50.48.384,42.885,-0.002048000,-0.002048000,-0.000486562
1540421448483,2018-10-24T18.50.48.483,42.984,-0.002048000,-0.002048000,-0.000484813
1540421448584,2018-10-24T18.50.48.584,43.085,-0.002048000,-0.002048000,-0.000495187
1540421448685,2018-10-24T18.50.48.685,43.186,-0.002048000,-0.002048000,-0.000503500
1540421448787,2018-10-24T18.50.48.787,43.288,-0.002048000,-0.002048000,-0.000506375
1540421448888,2018-10-24T18.50.48.888,43.389,-0.002048000,-0.002048000,-0.000504125
1540421448989,2018-10-24T18.50.48.989,43.490,-0.002048000,-0.002048000,-0.000500438
1540421449090,2018-10-24T18.50.49.090,43.591,-0.002048000,-0.002048000,-0.000495437
1540421449189,2018-10-24T18.50.49.189,43.690,-0.002048000,-0.002048000,-0.000492438
1540421449290,2018-10-24T18.50.49.290,43.791,-0.002048000,-0.002048000,-0.000491000
1540421449392,2018-10-24T18.50.49.392,43.893,-0.002048000,-0.002048000,-0.000495813
1540421449493,2018-10-24T18.50.49.493,43.994,-0.002048000,-0.002048000,-0.000496750
1540421449594,2018-10-24T18.50.49.594,44.095,-0.002048000,-0.002048000,-0.000499312
1540421449695,2018-10-24T18.50.49.695,44.196,-0.002048000,-0.002048000,-0.000500375
1540421449796,2018-10-24T18.50.49.796,44.297,-0.002048000,-0.002048000,-0.000498187
1540421449897,2018-10-24T18.50.49.897,44.398,-0.002048000,-0.002048000,-0.000495813
1540421449996,2018-10-24T18.50.49.996,44.497,-0.002048000,-0.002048000,-0.000496000
1540421450098,2018-10-24T18.50.50.098,44.599,-0.002048000,-0.002048000,-0.000497250
1540421450199,2018-10-24T18.50.50.199,44.700,-0.002048000,-0.002048000,-0.000497125
1540421450300,2018-10-24T18.50.50.300,44.801,-0.002048000,-0.002048000,-0.000495813
1540421450401,2018-10-24T18.50.50.401,44.902,-0.002048000,-0.002048000,-0.000494625
1540421450502,2018-10-24T18.50.50.502,45.003,-0.002048000,-0.002048000,-0.000495937
1540421450603,2018-10-24T18.50.50.603,45.104,-0.002048000,-0.002048000,-0.000496687
1540421450703,2018-10-24T18.50.50.703,45.204,-0.002048000,-0.002048000,-0.000495750
1540421450804,2018-10-24T18.50.50.804,45.305,-0.002048000,-0.002048000,-0.000496375
1540421450905,2018-10-24T18.50.50.905,45.406,-0.002048000,-0.002048000,-0.000496750
1540421451006,2018-10-24T18.50.51.006,45.507,-0.002048000,-0.002048000,-0.000496937
1540421451107,2018-10-24T18.50.51.107,45.608,-0.002048000,-0.002048000,-0.000498563
1540421451208,2018-10-24T18.50.51.208,45.709,-0.002048000,-0.002048000,-0.000497875
1540421451309,2018-10-24T18.50.51.309,45.810,-0.002048000,-0.002048000,-0.000497125
1540421451410,2018-10-24T18.50.51.410,45.911,-0.002048000,-0.002048000,-0.000498250
1540421451510,2018-10-24T18.50.51.510,46.011,-0.002048000,-0.002048000,-0.000498375
1540421451611,2018-10-24T18.50.51.611,46.112,-0.002048000,-0.002048000,-0.000497875
1540421451712,2018-10-24T18.50.51.712,46.213,-0.002048000,-0.002048000,-0.000496937
1540421451813,2018-10-24T18.50.51.813,46.314,-0.002048000,-0.002048000,-0.000496187
1540421451914,2018-10-24T18.50.51.914,46.415,-0.002048000,-0.002048000,-0.000496313
1540421452015,2018-10-24T18.50.52.015,46.516,-0.002048000,-0.002048000,-0.000496000
1540421452116,2018-10-24T18.50.52.116,46.617,-0.002048000,-0.002048000,-0.000496687
1540421452217,2018-10-24T18.50.52.217,46.718,-0.002048000,-0.002048000,-0.000496375
1540421452317,2018-10-24T18.50.52.317,46.818,-0.002048000,-0.002048000,-0.000495813
1540421452418,2018-10-24T18.50.52.418,46.919,-0.002048000,-0.002048000,-0.000494500
1540421452519,2018-10-24T18.50.52.519,47.020,-0.002048000,-0.002048000,-0.000494500
1540421452620,2018-10-24T18.50.52.620,47.121,-0.002048000,-0.002048000,-0.000494375
1540421452721,2018-10-24T18.50.52.721,47.222,-0.002048000,-0.002048000,-0.000493625
1540421452822,2018-10-24T18.50.52.822,47.323,-0.002048000,-0.002048000,-0.000494188
1540421452923,2018-10-24T18.50.52.923,47.424,-0.002048000,-0.002048000,-0.000493000
1540421453024,2018-10-24T18.50.53.024,47.525,-0.002048000,-0.002048000,-0.000492438
1540421453124,2018-10-24T18.50.53.124,47.625,-0.002048000,-0.002048000,-0.000491375
1540421453225,2018-10-24T18.50.53.225,47.726,-0.002048000,-0.002048000,-0.000490313
1540421453326,2018-10-24T18.50.53.326,47.827,-0.002048000,-0.002048000,-0.000489500
1540421453427,2018-10-24T18.50.53.427,47.928,-0.002048000,-0.002048000,-0.000490813
1540421453528,2018-10-24T18.50.53.528,48.029,-0.002048000,-0.002048000,-0.000489563
1540421453629,2018-10-24T18.50.53.629,48.130,-0.002048000,-0.002048000,-0.000491000
1540421453730,2018-10-24T18.50.53.730,48.231,-0.002048000,-0.002048000,-0.000489500
1540421453831,2018-10-24T18.50.53.831,48.332,-0.002048000,-0.002048000,-0.000490250
1540421453931,2018-10-24T18.50.53.931,48.432,-0.002048000,-0.002048000,-0.000489687
1540421454032,2018-10-24T18.50.54.032,48.533,-0.002048000,-0.002048000,-0.000489937
1540421454133,2018-10-24T18.50.54.133,48.634,-0.002048000,-0.002048000,-0.000490063
1540421454234,2018-10-24T18.50.54.234,48.735,-0.002048000,-0.002048000,-0.000489563
1540421454335,2018-10-24T18.50.54.335,48.836,-0.002048000,-0.002048000,-0.000489937
1540421454436,2018-10-24T18.50.54.436,48.937,-0.002048000,-0.002048000,-0.000489563
1540421454538,2018-10-24T18.50.54.538,49.039,-0.002048000,-0.002048000,-0.000488937
1540421454637,2018-10-24T18.50.54.637,49.138,-0.002048000,-0.002048000,-0.000490125
1540421454738,2018-10-24T18.50.54.738,49.239,-0.002048000,-0.002048000,-0.000489563
1540421454839,2018-10-24T18.50.54.839,49.340,-0.002048000,-0.002048000,-0.000488437
1540421454940,2018-10-24T18.50.54.940,49.441,-0.002048000,-0.002048000,-0.000488937
1540421455041,2018-10-24T18.50.55.041,49.542,-0.002048000,-0.002048000,-0.000489313
1540421455142,2018-10-24T18.50.55.142,49.643,-0.002048000,-0.002048000,-0.000488375
1540421455244,2018-10-24T18.50.55.244,49.745,-0.002048000,-0.002048000,-0.000487875
1540421455345,2018-10-24T18.50.55.345,49.846,-0.002048000,-0.002048000,-0.000488750
1540421455444,2018-10-24T18.50.55.444,49.945,-0.002048000,-0.002048000,-0.000487250
1540421455545,2018-10-24T18.50.55.545,50.046,-0.002048000,-0.002048000,-0.000489187
1540421455646,2018-10-24T18.50.55.646,50.147,-0.002048000,-0.002048000,-0.000488000
1540421455747,2018-10-24T18.50.55.747,50.248,-0.002048000,-0.002048000,-0.000488063
1540421455849,2018-10-24T18.50.55.849,50.350,-0.002048000,-0.002048000,-0.000488813
1540421455950,2018-10-24T18.50.55.950,50.451,-0.002048000,-0.002048000,-0.000488563
1540421456051,2018-10-24T18.50.56.051,50.552,-0.002048000,-0.002048000,-0.000488000
1540421456152,2018-10-24T18.50.56.152,50.653,-0.002048000,-0.002048000,-0.000487688
1540421456251,2018-10-24T18.50.56.251,50.752,-0.002048000,-0.002048000,-0.000486937
1540421456352,2018-10-24T18.50.56.352,50.853,-0.002048000,-0.002048000,-0.000487625
1540421456454,2018-10-24T18.50.56.454,50.955,-0.002048000,-0.002048000,-0.000489563
1540421456555,2018-10-24T18.50.56.555,51.056,-0.002048000,-0.002048000,-0.000486937
1540421456656,2018-10-24T18.50.56.656,51.157,-0.002048000,-0.002048000,-0.000487813
1540421456757,2018-10-24T18.50.56.757,51.258,-0.002048000,-0.002048000,-0.000488813
1540421456858,2018-10-24T18.50.56.858,51.359,-0.002048000,-0.002048000,-0.000488063
1540421456959,2018-10-24T18.50.56.959,51.460,-0.002048000,-0.002048000,-0.000487500
1540421457059,2018-10-24T18.50.57.059,51.560,-0.002048000,-0.002048000,-0.000486937
1540421457160,2018-10-24T18.50.57.160,51.661,-0.002048000,-0.002048000,-0.000489187
1540421457261,2018-10-24T18.50.57.261,51.762,-0.002048000,-0.002048000,-0.000489875
1540421457362,2018-10-24T18.50.57.362,51.863,-0.002048000,-0.002048000,-0.000490437
1540421457463,2018-10-24T18.50.57.463,51.964,-0.002048000,-0.002048000,-0.000493750
1540421457564,2018-10-24T18.50.57.564,52.065,-0.002048000,-0.002048000,-0.000493375
1540421457665,2018-10-24T18.50.57.665,52.166,-0.002048000,-0.002048000,-0.000494125
1540421457765,2018-10-24T18.50.57.765,52.266,-0.002048000,-0.002048000,-0.000494375
1540421457866,2018-10-24T18.50.57.866,52.367,-0.002048000,-0.002048000,-0.000495937
1540421457967,2018-10-24T18.50.57.967,52.468,-0.002048000,-0.002048000,-0.000496375
1540421458068,2018-10-24T18.50.58.068,52.569,-0.002048000,-0.002048000,-0.000497063
1540421458169,2018-10-24T18.50.58.169,52.670,-0.002048000,-0.002048000,-0.000496750
1540421458270,2018-10-24T18.50.58.270,52.771,-0.002048000,-0.002048000,-0.000496750
1540421458371,2018-10-24T18.50.58.371,52.872,-0.002048000,-0.002048000,-0.000497125
1540421458472,2018-10-24T18.50.58.472,52.973,-0.002048000,-0.002048000,-0.000496313
1540421458573,2018-10-24T18.50.58.573,53.074,-0.002048000,-0.002048000,-0.000496500
1540421458673,2018-10-24T18.50.58.673,53.174,-0.002048000,-0.002048000,-0.000497687
1540421458774,2018-10-24T18.50.58.774,53.275,-0.002048000,-0.002048000,-0.000499500
1540421458875,2018-10-24T18.50.58.875,53.376,-0.002048000,-0.002048000,-0.000498938
1540421458976,2018-10-24T18.50.58.976,53.477,-0.002048000,-0.002048000,-0.000499875
1540421459077,2018-10-24T18.50.59.077,53.578,-0.002048000,-0.002048000,-0.000501312
1540421459178,2018-10-24T18.50.59.178,53.679,-0.002048000,-0.002048000,-0.000500188
1540421459279,2018-10-24T18.50.59.279,53.780,-0.002048000,-0.002048000,-0.000498750
1540421459380,2018-10-24T18.50.59.380,53.881,-0.002048000,-0.002048000,-0.000496875
1540421459481,2018-10-24T18.50.59.481,53.982,-0.002048000,-0.002048000,-0.000497063
1540421459581,2018-10-24T18.50.59.581,54.082,-0.002048000,-0.002048000,-0.000494688
1540421459682,2018-10-24T18.50.59.682,54.183,-0.002048000,-0.002048000,-0.000489687